lv,txt_Name,icon,star,color,decorate,attributeNum,stepUp,upCost,upRet,lockCost,transformCost,prop
int32,string,string,int32,int32,[]int32,int32,int32,[]{int32 id;int32 n},[]{int32 id;int32 n},[]{int32 id;int32 n},[]{int32 id;int32 n},[]{int32 id;float val;int32 wt}
1,黯淡项链,necklace12,1,1,,1,,10001~500|10010~25,,10002~1,10001~25|10010~1,10~58~10|12~42~10|14~233~10
2,黯淡项链+1,necklace12,1,1,,1,,10001~600|10010~30,10001~500|10010~25,10002~1,10001~35|10010~1,10~70~10|12~51~10|14~280~10
3,黯淡项链+2,necklace12,1,1,,1,,10001~900|10010~35,10001~1100|10010~55,10002~2,10001~48|10010~1,10~81~10|12~60~10|14~327~10
4,黯淡项链+3,necklace12,1,1,,1,,10001~1100|10010~40,10001~2000|10010~90,10002~2,10001~63|10010~2,10~93~10|12~68~10|14~374~10
5,黯淡项链+4,necklace12,1,1,,1,,10001~1400|10010~45,10001~3100|10010~130,10002~2,10001~80|10010~2,10~105~10|12~77~10|14~421~10
6,黯淡项链+5,necklace12,1,1,,1,,10001~1700|10010~50,10001~4500|10010~175,10002~3,10001~100|10010~2,10~116~10|12~85~10|14~467~10
7,黯淡项链+6,necklace12,1,1,,1,,10001~2000|10010~55,10001~6200|10010~225,10002~3,10001~123|10010~3,10~128~10|12~94~10|14~514~10
8,黯淡项链+7,necklace12,1,1,,1,,10001~2400|10010~60,10001~8200|10010~280,10002~3,10001~148|10010~3,10~140~10|12~102~10|14~561~10
9,黯淡项链+8,necklace12,1,1,,1,,10001~2800|10010~65,10001~10600|10010~340,10002~4,10001~177|10010~4,10~152~10|12~111~10|14~608~10
10,黯淡项链+9,necklace12,1,1,,1,1,10001~3200|10010~105,10001~13400|10010~405,10002~4,10001~208|10010~6,10~163~10|12~120~10|14~654~10
11,瑕疵项链,necklace10,1,2,,1,,10001~3900|10010~94,10001~16600|10010~510,10002~5,10001~255|10010~6,10~184~10|12~135~10|14~736~10|1000~0.0276~3|1200~0.0276~3|1400~0.0276~3|20~0.0207~7|22~0.0207~7|24~0.0207~7|25~0.0207~7
12,瑕疵项链+1,necklace10,1,2,,1,,10001~4600|10010~105,10001~20500|10010~604,10002~6,10001~308|10010~6,10~204~10|12~150~10|14~818~10|1000~0.0284~3|1200~0.0284~3|1400~0.0284~3|20~0.0213~7|22~0.0213~7|24~0.0213~7|25~0.0213~7
13,瑕疵项链+2,necklace10,1,2,,1,,10001~5300|10010~115,10001~25100|10010~709,10002~6,10001~366|10010~7,10~225~10|12~165~10|14~900~10|1000~0.0294~3|1200~0.0294~3|1400~0.0294~3|20~0.022~7|22~0.022~7|24~0.022~7|25~0.022~7
14,瑕疵项链+3,necklace10,1,2,,1,,10001~6100|10010~126,10001~30400|10010~824,10002~7,10001~430|10010~8,10~245~10|12~180~10|14~982~10|1000~0.0304~3|1200~0.0304~3|1400~0.0304~3|20~0.0228~7|22~0.0228~7|24~0.0228~7|25~0.0228~7
15,瑕疵项链+4,necklace10,1,2,,1,,10001~7000|10010~136,10001~36500|10010~950,10002~8,10001~500|10010~9,10~266~10|12~195~10|14~1064~10|1000~0.0313~3|1200~0.0313~3|1400~0.0313~3|20~0.0235~7|22~0.0235~7|24~0.0235~7|25~0.0235~7
16,瑕疵项链+5,necklace10,1,2,,1,,10001~7900|10010~147,10001~43500|10010~1086,10002~9,10001~577|10010~10,10~286~10|12~210~10|14~1146~10|1000~0.0323~3|1200~0.0323~3|1400~0.0323~3|20~0.0242~7|22~0.0242~7|24~0.0242~7|25~0.0242~7
17,瑕疵项链+6,necklace10,1,2,,1,,10001~8900|10010~157,10001~51400|10010~1233,10002~9,10001~660|10010~11,10~306~10|12~225~10|14~1228~10|1000~0.0333~3|1200~0.0333~3|1400~0.0333~3|20~0.0249~7|22~0.0249~7|24~0.0249~7|25~0.0249~7
18,瑕疵项链+7,necklace10,1,2,,1,,10001~9900|10010~168,10001~60300|10010~1390,10002~10,10001~750|10010~12,10~327~10|12~240~10|14~1309~10|1000~0.0343~3|1200~0.0343~3|1400~0.0343~3|20~0.0257~7|22~0.0257~7|24~0.0257~7|25~0.0257~7
19,瑕疵项链+8,necklace10,1,2,,1,,10001~11000|10010~178,10001~70200|10010~1558,10002~11,10001~847|10010~13,10~347~10|12~255~10|14~1391~10|1000~0.0352~3|1200~0.0352~3|1400~0.0352~3|20~0.0264~7|22~0.0264~7|24~0.0264~7|25~0.0264~7
20,瑕疵项链+9,necklace10,1,2,,1,1,10001~12400|10010~290,10001~81200|10010~1736,10002~12,10001~974|10010~22,10~377~10|12~276~10|14~1508~10|1000~0.0362~3|1200~0.0362~3|1400~0.0362~3|20~0.0271~7|22~0.0271~7|24~0.0271~7|25~0.0271~7
21,普通项链,necklace11,2,3,,2,,10001~13900|10010~208,10001~93600|10010~2026,10002~13,10001~1112|10010~16,10~406~10|12~298~10|14~1625~10|1000~0.0378~3|1200~0.0378~3|1400~0.0378~3|20~0.0284~7|22~0.0284~7|24~0.0284~7|25~0.0284~7|79~0.0378~5|70~0.0378~5|89~0.0378~5|80~0.0378~5|1500~0.0378~7
22,普通项链+1,necklace11,2,3,,2,,10001~15400|10010~223,10001~107500|10010~2234,10002~14,10001~1259|10010~18,10~435~10|12~319~10|14~1742~10|1000~0.0387~3|1200~0.0387~3|1400~0.0387~3|20~0.029~7|22~0.029~7|24~0.029~7|25~0.029~7|79~0.0387~5|70~0.0387~5|89~0.0387~5|80~0.0387~5|1500~0.0387~7
23,普通项链+2,necklace11,2,3,,2,,10001~17000|10010~238,10001~122900|10010~2457,10002~15,10001~1418|10010~19,10~464~10|12~340~10|14~1859~10|1000~0.0396~3|1200~0.0396~3|1400~0.0396~3|20~0.0297~7|22~0.0297~7|24~0.0297~7|25~0.0297~7|79~0.0396~5|70~0.0396~5|89~0.0396~5|80~0.0396~5|1500~0.0396~7
24,普通项链+3,necklace11,2,3,,2,,10001~18800|10010~253,10001~139900|10010~2695,10002~17,10001~1588|10010~21,10~494~10|12~362~10|14~1976~10|1000~0.0406~3|1200~0.0406~3|1400~0.0406~3|20~0.0304~7|22~0.0304~7|24~0.0304~7|25~0.0304~7|79~0.0406~5|70~0.0406~5|89~0.0406~5|80~0.0406~5|1500~0.0406~7
25,普通项链+4,necklace11,2,3,,2,,10001~20500|10010~268,10001~158700|10010~2948,10002~18,10001~1770|10010~23,10~523~10|12~383~10|14~2093~10|1000~0.0416~3|1200~0.0416~3|1400~0.0416~3|20~0.0312~7|22~0.0312~7|24~0.0312~7|25~0.0312~7|79~0.0416~5|70~0.0416~5|89~0.0416~5|80~0.0416~5|1500~0.0416~7
26,普通项链+5,necklace11,2,3,,2,,10001~22400|10010~283,10001~179200|10010~3216,10002~19,10001~1963|10010~24,10~552~10|12~405~10|14~2210~10|1000~0.0426~3|1200~0.0426~3|1400~0.0426~3|20~0.0319~7|22~0.0319~7|24~0.0319~7|25~0.0319~7|79~0.0426~5|70~0.0426~5|89~0.0426~5|80~0.0426~5|1500~0.0426~7
27,普通项链+6,necklace11,2,3,,2,,10001~24300|10010~298,10001~201600|10010~3499,10002~20,10001~2169|10010~26,10~581~10|12~426~10|14~2327~10|1000~0.0435~3|1200~0.0435~3|1400~0.0435~3|20~0.0326~7|22~0.0326~7|24~0.0326~7|25~0.0326~7|79~0.0435~5|70~0.0435~5|89~0.0435~5|80~0.0435~5|1500~0.0435~7
28,普通项链+7,necklace11,2,3,,2,,10001~26300|10010~313,10001~225900|10010~3797,10002~22,10001~2387|10010~28,10~611~10|12~448~10|14~2444~10|1000~0.0445~3|1200~0.0445~3|1400~0.0445~3|20~0.0334~7|22~0.0334~7|24~0.0334~7|25~0.0334~7|79~0.0445~5|70~0.0445~5|89~0.0445~5|80~0.0445~5|1500~0.0445~7
29,普通项链+8,necklace11,2,3,,2,,10001~28800|10010~333,10001~252200|10010~4110,10002~23,10001~2655|10010~30,10~651~10|12~478~10|14~2608~10|1000~0.0455~3|1200~0.0455~3|1400~0.0455~3|20~0.0341~7|22~0.0341~7|24~0.0341~7|25~0.0341~7|79~0.0455~5|70~0.0455~5|89~0.0455~5|80~0.0455~5|1500~0.0455~7
30,普通项链+9,necklace11,2,3,,2,1,10001~31400|10010~528,10001~281000|10010~4443,10002~25,10001~2938|10010~49,10~692~10|12~508~10|14~2771~10|1000~0.0464~3|1200~0.0464~3|1400~0.0464~3|20~0.0348~7|22~0.0348~7|24~0.0348~7|25~0.0348~7|79~0.0464~5|70~0.0464~5|89~0.0464~5|80~0.0464~5|1500~0.0464~7
31,明亮项链,necklace13,1,3,,2,,10001~34100|10010~372,10001~312400|10010~4971,10002~26,10001~3239|10010~35,10~733~10|12~538~10|14~2935~10|1000~0.0481~3|1200~0.0481~3|1400~0.0481~3|20~0.036~7|22~0.036~7|24~0.036~7|25~0.036~7|79~0.0481~5|70~0.0481~5|89~0.0481~5|80~0.0481~5|1500~0.0481~7
32,明亮项链+1,necklace13,1,3,,2,,10001~36800|10010~391,10001~346500|10010~5343,10002~28,10001~3557|10010~37,10~774~10|12~568~10|14~3099~10|1000~0.0489~3|1200~0.0489~3|1400~0.0489~3|20~0.0367~7|22~0.0367~7|24~0.0367~7|25~0.0367~7|79~0.0489~5|70~0.0489~5|89~0.0489~5|80~0.0489~5|1500~0.0489~7
33,明亮项链+2,necklace13,1,3,,2,,10001~39700|10010~411,10001~383300|10010~5734,10002~30,10001~3893|10010~40,10~815~10|12~598~10|14~3263~10|1000~0.0499~3|1200~0.0499~3|1400~0.0499~3|20~0.0374~7|22~0.0374~7|24~0.0374~7|25~0.0374~7|79~0.0499~5|70~0.0499~5|89~0.0499~5|80~0.0499~5|1500~0.0499~7
34,明亮项链+3,necklace13,1,3,,2,,10001~42600|10010~430,10001~423000|10010~6145,10002~32,10001~4247|10010~42,10~856~10|12~628~10|14~3426~10|1000~0.0508~3|1200~0.0508~3|1400~0.0508~3|20~0.0381~7|22~0.0381~7|24~0.0381~7|25~0.0381~7|79~0.0508~5|70~0.0508~5|89~0.0508~5|80~0.0508~5|1500~0.0508~7
35,明亮项链+4,necklace13,1,3,,2,,10001~45700|10010~450,10001~465600|10010~6575,10002~33,10001~4620|10010~45,10~897~10|12~658~10|14~3590~10|1000~0.0518~3|1200~0.0518~3|1400~0.0518~3|20~0.0389~7|22~0.0389~7|24~0.0389~7|25~0.0389~7|79~0.0518~5|70~0.0518~5|89~0.0518~5|80~0.0518~5|1500~0.0518~7
36,明亮项链+5,necklace13,1,3,,2,,10001~48900|10010~469,10001~511300|10010~7025,10002~35,10001~5012|10010~48,10~938~10|12~688~10|14~3754~10|1000~0.0528~3|1200~0.0528~3|1400~0.0528~3|20~0.0396~7|22~0.0396~7|24~0.0396~7|25~0.0396~7|79~0.0528~5|70~0.0528~5|89~0.0528~5|80~0.0528~5|1500~0.0528~7
37,明亮项链+6,necklace13,1,3,,2,,10001~52100|10010~489,10001~560200|10010~7494,10002~37,10001~5424|10010~50,10~979~10|12~718~10|14~3918~10|1000~0.0538~3|1200~0.0538~3|1400~0.0538~3|20~0.0403~7|22~0.0403~7|24~0.0403~7|25~0.0403~7|79~0.0538~5|70~0.0538~5|89~0.0538~5|80~0.0538~5|1500~0.0538~7
38,明亮项链+7,necklace13,1,3,,2,,10001~56000|10010~513,10001~612300|10010~7983,10002~39,10001~5908|10010~54,10~1032~10|12~756~10|14~4128~10|1000~0.0547~3|1200~0.0547~3|1400~0.0547~3|20~0.041~7|22~0.041~7|24~0.041~7|25~0.041~7|79~0.0547~5|70~0.0547~5|89~0.0547~5|80~0.0547~5|1500~0.0547~7
39,明亮项链+8,necklace13,1,3,,2,,10001~59900|10010~537,10001~668300|10010~8496,10002~42,10001~6416|10010~57,10~1084~10|12~795~10|14~4339~10|1000~0.0557~3|1200~0.0557~3|1400~0.0557~3|20~0.0418~7|22~0.0418~7|24~0.0418~7|25~0.0418~7|79~0.0557~5|70~0.0557~5|89~0.0557~5|80~0.0557~5|1500~0.0557~7
40,明亮项链+9,necklace13,1,3,,2,1,10001~64000|10010~841,10001~728200|10010~9033,10002~44,10001~6949|10010~91,10~1137~10|12~833~10|14~4549~10|1000~0.0567~3|1200~0.0567~3|1400~0.0567~3|20~0.0425~7|22~0.0425~7|24~0.0425~7|25~0.0425~7|79~0.0567~5|70~0.0567~5|89~0.0567~5|80~0.0567~5|1500~0.0567~7
41,清澈项链,necklace14,2,4,,2,,10001~68200|10010~585,10001~792200|10010~9874,10002~46,10001~7507|10010~64,10~1189~10|12~872~10|14~4760~10|1000~0.0583~3|1200~0.0583~3|1400~0.0583~3|20~0.0437~7|22~0.0437~7|24~0.0437~7|25~0.0437~7|79~0.0583~5|70~0.0583~5|89~0.0583~5|80~0.0583~5|1500~0.0583~7
42,清澈项链+1,necklace14,2,4,,2,,10001~72500|10010~609,10001~860400|10010~10459,10002~49,10001~8091|10010~67,10~1242~10|12~911~10|14~4970~10|1000~0.0591~3|1200~0.0591~3|1400~0.0591~3|20~0.0443~7|22~0.0443~7|24~0.0443~7|25~0.0443~7|79~0.0591~5|70~0.0591~5|89~0.0591~5|80~0.0591~5|1500~0.0591~7
43,清澈项链+2,necklace14,2,4,,2,,10001~77000|10010~633,10001~932900|10010~11068,10002~51,10001~8702|10010~71,10~1295~10|12~949~10|14~5181~10|1000~0.0601~3|1200~0.0601~3|1400~0.0601~3|20~0.0451~7|22~0.0451~7|24~0.0451~7|25~0.0451~7|79~0.0601~5|70~0.0601~5|89~0.0601~5|80~0.0601~5|1500~0.0601~7
44,清澈项链+3,necklace14,2,4,,2,,10001~81500|10010~657,10001~1009900|10010~11701,10002~54,10001~9340|10010~75,10~1347~10|12~988~10|14~5391~10|1000~0.0611~3|1200~0.0611~3|1400~0.0611~3|20~0.0458~7|22~0.0458~7|24~0.0458~7|25~0.0458~7|79~0.0611~5|70~0.0611~5|89~0.0611~5|80~0.0611~5|1500~0.0611~7
45,清澈项链+4,necklace14,2,4,,2,,10001~86200|10010~681,10001~1091400|10010~12358,10002~56,10001~10006|10010~78,10~1400~10|12~1026~10|14~5602~10|1000~0.0621~3|1200~0.0621~3|1400~0.0621~3|20~0.0465~7|22~0.0465~7|24~0.0465~7|25~0.0465~7|79~0.0621~5|70~0.0621~5|89~0.0621~5|80~0.0621~5|1500~0.0621~7
46,清澈项链+5,necklace14,2,4,,2,,10001~91000|10010~705,10001~1177600|10010~13039,10002~59,10001~10699|10010~82,10~1453~10|12~1065~10|14~5813~10|1000~0.063~3|1200~0.063~3|1400~0.063~3|20~0.0473~7|22~0.0473~7|24~0.0473~7|25~0.0473~7|79~0.063~5|70~0.063~5|89~0.063~5|80~0.063~5|1500~0.063~7
47,清澈项链+6,necklace14,2,4,,2,,10001~96500|10010~733,10001~1268600|10010~13744,10002~61,10001~11492|10010~87,10~1517~10|12~1112~10|14~6070~10|1000~0.064~3|1200~0.064~3|1400~0.064~3|20~0.048~7|22~0.048~7|24~0.048~7|25~0.048~7|79~0.064~5|70~0.064~5|89~0.064~5|80~0.064~5|1500~0.064~7
48,清澈项链+7,necklace14,2,4,,2,,10001~102200|10010~762,10001~1365100|10010~14477,10002~64,10001~12319|10010~91,10~1581~10|12~1159~10|14~6327~10|1000~0.065~3|1200~0.065~3|1400~0.065~3|20~0.0487~7|22~0.0487~7|24~0.0487~7|25~0.0487~7|79~0.065~5|70~0.065~5|89~0.065~5|80~0.065~5|1500~0.065~7
49,清澈项链+8,necklace14,2,4,,2,,10001~108000|10010~790,10001~1467300|10010~15239,10002~67,10001~13180|10010~96,10~1646~10|12~1207~10|14~6584~10|1000~0.0659~3|1200~0.0659~3|1400~0.0659~3|20~0.0494~7|22~0.0494~7|24~0.0494~7|25~0.0494~7|79~0.0659~5|70~0.0659~5|89~0.0659~5|80~0.0659~5|1500~0.0659~7
50,清澈项链+9,necklace14,2,4,,2,1,10001~113900|10010~1228,10001~1575300|10010~16029,10002~71,10001~14076|10010~151,10~1710~10|12~1254~10|14~6842~10|1000~0.0669~3|1200~0.0669~3|1400~0.0669~3|20~0.0502~7|22~0.0502~7|24~0.0502~7|25~0.0502~7|79~0.0669~5|70~0.0669~5|89~0.0669~5|80~0.0669~5|1500~0.0669~7
51,闪光项链,necklace15,3,4,,2,,10001~120000|10010~847,10001~1689200|10010~17257,10002~74,10001~15007|10010~105,10~1774~10|12~1301~10|14~7099~10|1000~0.0686~3|1200~0.0686~3|1400~0.0686~3|20~0.0514~7|22~0.0514~7|24~0.0514~7|25~0.0514~7|79~0.0686~5|70~0.0686~5|89~0.0686~5|80~0.0686~5|1500~0.0686~7
52,闪光项链+1,necklace15,3,4,,2,,10001~126200|10010~876,10001~1809200|10010~18104,10002~77,10001~15975|10010~110,10~1839~10|12~1348~10|14~7356~10|1000~0.0694~3|1200~0.0694~3|1400~0.0694~3|20~0.052~7|22~0.052~7|24~0.052~7|25~0.052~7|79~0.0694~5|70~0.0694~5|89~0.0694~5|80~0.0694~5|1500~0.0694~7
53,闪光项链+2,necklace15,3,4,,2,,10001~132600|10010~904,10001~1935400|10010~18980,10002~80,10001~16980|10010~115,10~1903~10|12~1395~10|14~7614~10|1000~0.0704~3|1200~0.0704~3|1400~0.0704~3|20~0.0528~7|22~0.0528~7|24~0.0528~7|25~0.0528~7|79~0.0704~5|70~0.0704~5|89~0.0704~5|80~0.0704~5|1500~0.0704~7
54,闪光项链+3,necklace15,3,4,,2,,10001~139100|10010~933,10001~2068000|10010~19884,10002~83,10001~18022|10010~120,10~1967~10|12~1442~10|14~7871~10|1000~0.0713~3|1200~0.0713~3|1400~0.0713~3|20~0.0535~7|22~0.0535~7|24~0.0535~7|25~0.0535~7|79~0.0713~5|70~0.0713~5|89~0.0713~5|80~0.0713~5|1500~0.0713~7
55,闪光项链+4,necklace15,3,4,,2,,10001~145800|10010~961,10001~2207100|10010~20817,10002~87,10001~19103|10010~125,10~2031~10|12~1490~10|14~8128~10|1000~0.0723~3|1200~0.0723~3|1400~0.0723~3|20~0.0542~7|22~0.0542~7|24~0.0542~7|25~0.0542~7|79~0.0723~5|70~0.0723~5|89~0.0723~5|80~0.0723~5|1500~0.0723~7
56,闪光项链+5,necklace15,3,4,,2,,10001~153300|10010~994,10001~2352900|10010~21778,10002~90,10001~20314|10010~131,10~2107~10|12~1545~10|14~8432~10|1000~0.0733~3|1200~0.0733~3|1400~0.0733~3|20~0.0549~7|22~0.0549~7|24~0.0549~7|25~0.0549~7|79~0.0733~5|70~0.0733~5|89~0.0733~5|80~0.0733~5|1500~0.0733~7
57,闪光项链+6,necklace15,3,4,,2,,10001~160900|10010~1027,10001~2506200|10010~22772,10002~94,10001~21570|10010~137,10~2184~10|12~1601~10|14~8737~10|1000~0.0742~3|1200~0.0742~3|1400~0.0742~3|20~0.0557~7|22~0.0557~7|24~0.0557~7|25~0.0557~7|79~0.0742~5|70~0.0742~5|89~0.0742~5|80~0.0742~5|1500~0.0742~7
58,闪光项链+7,necklace15,3,4,,2,,10001~168700|10010~1060,10001~2667100|10010~23799,10002~98,10001~22871|10010~143,10~2260~10|12~1657~10|14~9041~10|1000~0.0752~3|1200~0.0752~3|1400~0.0752~3|20~0.0564~7|22~0.0564~7|24~0.0564~7|25~0.0564~7|79~0.0752~5|70~0.0752~5|89~0.0752~5|80~0.0752~5|1500~0.0752~7
59,闪光项链+8,necklace15,3,4,,2,,10001~176700|10010~1093,10001~2835800|10010~24859,10002~102,10001~24219|10010~149,10~2336~10|12~1713~10|14~9345~10|1000~0.0762~3|1200~0.0762~3|1400~0.0762~3|20~0.0571~7|22~0.0571~7|24~0.0571~7|25~0.0571~7|79~0.0762~5|70~0.0762~5|89~0.0762~5|80~0.0762~5|1500~0.0762~7
60,闪光项链+9,necklace15,3,4,,2,1,10001~184900|10010~1689,10001~3012500|10010~25952,10002~106,10001~25613|10010~234,10~2412~10|12~1768~10|14~9649~10|1000~0.0771~3|1200~0.0771~3|1400~0.0771~3|20~0.0578~7|22~0.0578~7|24~0.0578~7|25~0.0578~7|79~0.0771~5|70~0.0771~5|89~0.0771~5|80~0.0771~5|1500~0.0771~7
61,眩目项链,necklace01,1,5,,2,,10001~193200|10010~1159,10001~3197400|10010~27641,10002~110,10001~27055|10010~162,10~2488~10|12~1824~10|14~9953~10|1000~0.0788~3|1200~0.0788~3|1400~0.0788~3|20~0.0591~7|22~0.0591~7|24~0.0591~7|25~0.0591~7|79~0.0788~5|70~0.0788~5|89~0.0788~5|80~0.0788~5|1500~0.0788~7
62,眩目项链+1,necklace01,1,5,,2,,10001~201700|10010~1192,10001~3390600|10010~28800,10002~114,10001~28544|10010~168,10~2564~10|12~1880~10|14~10257~10|1000~0.0796~3|1200~0.0796~3|1400~0.0796~3|20~0.0597~7|22~0.0597~7|24~0.0597~7|25~0.0597~7|79~0.0796~5|70~0.0796~5|89~0.0796~5|80~0.0796~5|1500~0.0796~7
63,眩目项链+2,necklace01,1,5,,2,,10001~210300|10010~1225,10001~3592300|10010~29992,10002~118,10001~30083|10010~175,10~2640~10|12~1935~10|14~10561~10|1000~0.0806~3|1200~0.0806~3|1400~0.0806~3|20~0.0604~7|22~0.0604~7|24~0.0604~7|25~0.0604~7|79~0.0806~5|70~0.0806~5|89~0.0806~5|80~0.0806~5|1500~0.0806~7
64,眩目项链+3,necklace01,1,5,,2,,10001~219100|10010~1258,10001~3802600|10010~31217,10002~122,10001~31672|10010~181,10~2716~10|12~1991~10|14~10865~10|1000~0.0816~3|1200~0.0816~3|1400~0.0816~3|20~0.0612~7|22~0.0612~7|24~0.0612~7|25~0.0612~7|79~0.0816~5|70~0.0816~5|89~0.0816~5|80~0.0816~5|1500~0.0816~7
65,眩目项链+4,necklace01,1,5,,2,,10001~228900|10010~1296,10001~4021700|10010~32475,10002~127,10001~33428|10010~189,10~2803~10|12~2056~10|14~11216~10|1000~0.0825~3|1200~0.0825~3|1400~0.0825~3|20~0.0619~7|22~0.0619~7|24~0.0619~7|25~0.0619~7|79~0.0825~5|70~0.0825~5|89~0.0825~5|80~0.0825~5|1500~0.0825~7
66,眩目项链+5,necklace01,1,5,,2,,10001~238900|10010~1333,10001~4250600|10010~33771,10002~131,10001~35240|10010~196,10~2891~10|12~2120~10|14~11567~10|1000~0.0835~3|1200~0.0835~3|1400~0.0835~3|20~0.0626~7|22~0.0626~7|24~0.0626~7|25~0.0626~7|79~0.0835~5|70~0.0835~5|89~0.0835~5|80~0.0835~5|1500~0.0835~7
67,眩目项链+6,necklace01,1,5,,2,,10001~249000|10010~1371,10001~4489500|10010~35104,10002~136,10001~37110|10010~204,10~2979~10|12~2184~10|14~11918~10|1000~0.0845~3|1200~0.0845~3|1400~0.0845~3|20~0.0633~7|22~0.0633~7|24~0.0633~7|25~0.0633~7|79~0.0845~5|70~0.0845~5|89~0.0845~5|80~0.0845~5|1500~0.0845~7
68,眩目项链+7,necklace01,1,5,,2,,10001~259300|10010~1408,10001~4738500|10010~36475,10002~141,10001~39039|10010~211,10~3066~10|12~2249~10|14~12269~10|1000~0.0854~3|1200~0.0854~3|1400~0.0854~3|20~0.0641~7|22~0.0641~7|24~0.0641~7|25~0.0641~7|79~0.0854~5|70~0.0854~5|89~0.0854~5|80~0.0854~5|1500~0.0854~7
69,眩目项链+8,necklace01,1,5,,2,,10001~269900|10010~1446,10001~4997800|10010~37883,10002~146,10001~41027|10010~219,10~3154~10|12~2313~10|14~12620~10|1000~0.0864~3|1200~0.0864~3|1400~0.0864~3|20~0.0648~7|22~0.0648~7|24~0.0648~7|25~0.0648~7|79~0.0864~5|70~0.0864~5|89~0.0864~5|80~0.0864~5|1500~0.0864~7
70,眩目项链+9,necklace01,1,5,,2,1,10001~280600|10010~2225,10001~5267700|10010~39329,10002~150,10001~43076|10010~341,10~3242~10|12~2377~10|14~12971~10|1000~0.0874~3|1200~0.0874~3|1400~0.0874~3|20~0.0655~7|22~0.0655~7|24~0.0655~7|25~0.0655~7|79~0.0874~5|70~0.0874~5|89~0.0874~5|80~0.0874~5|1500~0.0874~7
71,闪耀项链,necklace02,2,5,,2,,10001~291500|10010~1521,10001~5548300|10010~41554,10002~155,10001~45186|10010~235,10~3330~10|12~2441~10|14~13321~10|1000~0.089~3|1200~0.089~3|1400~0.089~3|20~0.0668~7|22~0.0668~7|24~0.0668~7|25~0.0668~7|79~0.089~5|70~0.089~5|89~0.089~5|80~0.089~5|1500~0.089~7
72,闪耀项链+1,necklace02,2,5,,2,,10001~302600|10010~1558,10001~5839800|10010~43075,10002~160,10001~47358|10010~243,10~3417~10|12~2506~10|14~13672~10|1000~0.0899~3|1200~0.0899~3|1400~0.0899~3|20~0.0674~7|22~0.0674~7|24~0.0674~7|25~0.0674~7|79~0.0899~5|70~0.0899~5|89~0.0899~5|80~0.0899~5|1500~0.0899~7
73,闪耀项链+2,necklace02,2,5,,2,,10001~313800|10010~1596,10001~6142400|10010~44633,10002~165,10001~49593|10010~252,10~3505~10|12~2570~10|14~14023~10|1000~0.0908~3|1200~0.0908~3|1400~0.0908~3|20~0.0681~7|22~0.0681~7|24~0.0681~7|25~0.0681~7|79~0.0908~5|70~0.0908~5|89~0.0908~5|80~0.0908~5|1500~0.0908~7
74,闪耀项链+3,necklace02,2,5,,2,,10001~326200|10010~1638,10001~6456200|10010~46229,10002~171,10001~52034|10010~261,10~3604~10|12~2643~10|14~14421~10|1000~0.0918~3|1200~0.0918~3|1400~0.0918~3|20~0.0688~7|22~0.0688~7|24~0.0688~7|25~0.0688~7|79~0.0918~5|70~0.0918~5|89~0.0918~5|80~0.0918~5|1500~0.0918~7
75,闪耀项链+4,necklace02,2,5,,2,,10001~338800|10010~1680,10001~6782400|10010~47867,10002~177,10001~54546|10010~270,10~3704~10|12~2716~10|14~14819~10|1000~0.0928~3|1200~0.0928~3|1400~0.0928~3|20~0.0696~7|22~0.0696~7|24~0.0696~7|25~0.0696~7|79~0.0928~5|70~0.0928~5|89~0.0928~5|80~0.0928~5|1500~0.0928~7
76,闪耀项链+5,necklace02,2,5,,2,,10001~351500|10010~1722,10001~7121200|10010~49547,10002~182,10001~57130|10010~279,10~3803~10|12~2789~10|14~15216~10|1000~0.0937~3|1200~0.0937~3|1400~0.0937~3|20~0.0703~7|22~0.0703~7|24~0.0703~7|25~0.0703~7|79~0.0937~5|70~0.0937~5|89~0.0937~5|80~0.0937~5|1500~0.0937~7
77,闪耀项链+6,necklace02,2,5,,2,,10001~364500|10010~1764,10001~7472700|10010~51269,10002~188,10001~59787|10010~289,10~3903~10|12~2862~10|14~15614~10|1000~0.0947~3|1200~0.0947~3|1400~0.0947~3|20~0.071~7|22~0.071~7|24~0.071~7|25~0.071~7|79~0.0947~5|70~0.0947~5|89~0.0947~5|80~0.0947~5|1500~0.0947~7
78,闪耀项链+7,necklace02,2,5,,2,,10001~377700|10010~1806,10001~7837200|10010~53033,10002~194,10001~62518|10010~298,10~4002~10|12~2935~10|14~16012~10|1000~0.0957~3|1200~0.0957~3|1400~0.0957~3|20~0.0717~7|22~0.0717~7|24~0.0717~7|25~0.0717~7|79~0.0957~5|70~0.0957~5|89~0.0957~5|80~0.0957~5|1500~0.0957~7
79,闪耀项链+8,necklace02,2,5,,2,,10001~391100|10010~1848,10001~8214900|10010~54839,10002~200,10001~65323|10010~308,10~4101~10|12~3007~10|14~16409~10|1000~0.0966~3|1200~0.0966~3|1400~0.0966~3|20~0.0725~7|22~0.0725~7|24~0.0725~7|25~0.0725~7|79~0.0966~5|70~0.0966~5|89~0.0966~5|80~0.0966~5|1500~0.0966~7
80,闪耀项链+9,necklace02,2,5,,2,1,10001~404700|10010~2835,10001~8606000|10010~56687,10002~206,10001~68204|10010~477,10~4201~10|12~3080~10|14~16807~10|1000~0.0976~3|1200~0.0976~3|1400~0.0976~3|20~0.0732~7|22~0.0732~7|24~0.0732~7|25~0.0732~7|79~0.0976~5|70~0.0976~5|89~0.0976~5|80~0.0976~5|1500~0.0976~7
81,光辉项链,necklace03,3,5,,3,,10001~418600|10010~1932,10001~9010700|10010~59522,10002~212,10001~71162|10010~328,10~4300~10|12~3153~10|14~17205~10|1000~0.0993~3|1200~0.0993~3|1400~0.0993~3|20~0.0744~7|22~0.0744~7|24~0.0744~7|25~0.0744~7|79~0.0993~5|70~0.0993~5|89~0.0993~5|80~0.0993~5|1500~0.0993~7
82,光辉项链+1,necklace03,3,5,,3,,10001~432600|10010~1974,10001~9429300|10010~61454,10002~218,10001~74196|10010~338,10~4400~10|12~3226~10|14~17602~10|1000~0.1001~3|1200~0.1001~3|1400~0.1001~3|20~0.0751~7|22~0.0751~7|24~0.0751~7|25~0.0751~7|79~0.1001~5|70~0.1001~5|89~0.1001~5|80~0.1001~5|1500~0.1001~7
83,光辉项链+2,necklace03,3,5,,3,,10001~447800|10010~2020,10001~9861900|10010~63428,10002~225,10001~77482|10010~349,10~4511~10|12~3308~10|14~18047~10|1000~0.1011~3|1200~0.1011~3|1400~0.1011~3|20~0.0758~7|22~0.0758~7|24~0.0758~7|25~0.0758~7|79~0.1011~5|70~0.1011~5|89~0.1011~5|80~0.1011~5|1500~0.1011~7
84,光辉项链+3,necklace03,3,5,,3,,10001~463300|10010~2067,10001~10309700|10010~65448,10002~232,10001~80855|10010~360,10~4622~10|12~3389~10|14~18491~10|1000~0.102~3|1200~0.102~3|1400~0.102~3|20~0.0765~7|22~0.0765~7|24~0.0765~7|25~0.0765~7|79~0.102~5|70~0.102~5|89~0.102~5|80~0.102~5|1500~0.102~7
85,光辉项链+4,necklace03,3,5,,3,,10001~479000|10010~2113,10001~10773000|10010~67515,10002~238,10001~84314|10010~371,10~4733~10|12~3471~10|14~18936~10|1000~0.103~3|1200~0.103~3|1400~0.103~3|20~0.0772~7|22~0.0772~7|24~0.0772~7|25~0.0772~7|79~0.103~5|70~0.103~5|89~0.103~5|80~0.103~5|1500~0.103~7
86,光辉项链+5,necklace03,3,5,,3,,10001~495000|10010~2160,10001~11252000|10010~69628,10002~245,10001~87862|10010~383,10~4844~10|12~3552~10|14~19380~10|1000~0.104~3|1200~0.104~3|1400~0.104~3|20~0.078~7|22~0.078~7|24~0.078~7|25~0.078~7|79~0.104~5|70~0.104~5|89~0.104~5|80~0.104~5|1500~0.104~7
87,光辉项链+6,necklace03,3,5,,3,,10001~511100|10010~2206,10001~11747000|10010~71788,10002~252,10001~91499|10010~394,10~4955~10|12~3634~10|14~19825~10|1000~0.1049~3|1200~0.1049~3|1400~0.1049~3|20~0.0787~7|22~0.0787~7|24~0.0787~7|25~0.0787~7|79~0.1049~5|70~0.1049~5|89~0.1049~5|80~0.1049~5|1500~0.1049~7
88,光辉项链+7,necklace03,3,5,,3,,10001~527500|10010~2253,10001~12258100|10010~73994,10002~259,10001~95227|10010~406,10~5066~10|12~3715~10|14~20269~10|1000~0.1059~3|1200~0.1059~3|1400~0.1059~3|20~0.0794~7|22~0.0794~7|24~0.0794~7|25~0.0794~7|79~0.1059~5|70~0.1059~5|89~0.1059~5|80~0.1059~5|1500~0.1059~7
89,光辉项链+8,necklace03,3,5,,3,,10001~544200|10010~2299,10001~12785600|10010~76247,10002~266,10001~99047|10010~418,10~5177~10|12~3796~10|14~20713~10|1000~0.1069~3|1200~0.1069~3|1400~0.1069~3|20~0.0801~7|22~0.0801~7|24~0.0801~7|25~0.0801~7|79~0.1069~5|70~0.1069~5|89~0.1069~5|80~0.1069~5|1500~0.1069~7
90,光辉项链+9,necklace03,3,5,,3,1,10001~561000|10010~3519,10001~13329800|10010~78546,10002~273,10001~102959|10010~645,10~5288~10|12~3878~10|14~21158~10|1000~0.1078~3|1200~0.1078~3|1400~0.1078~3|20~0.0809~7|22~0.0809~7|24~0.0809~7|25~0.0809~7|79~0.1078~5|70~0.1078~5|89~0.1078~5|80~0.1078~5|1500~0.1078~7
91,璀璨项链,necklace07,1,6,,3,,10001~578100|10010~2392,10001~13890800|10010~82065,10002~281,10001~106964|10010~442,10~5400~10|12~3959~10|14~21602~10|1000~0.1095~3|1200~0.1095~3|1400~0.1095~3|20~0.0821~7|22~0.0821~7|24~0.0821~7|25~0.0821~7|79~0.1095~5|70~0.1095~5|89~0.1095~5|80~0.1095~5|1500~0.1095~7
92,璀璨项链+1,necklace07,1,6,,3,,10001~596600|10010~2443,10001~14468900|10010~84457,10002~288,10001~111269|10010~455,10~5522~10|12~4049~10|14~22094~10|1000~0.1103~3|1200~0.1103~3|1400~0.1103~3|20~0.0827~7|22~0.0827~7|24~0.0827~7|25~0.0827~7|79~0.1103~5|70~0.1103~5|89~0.1103~5|80~0.1103~5|1500~0.1103~7
93,璀璨项链+2,necklace07,1,6,,3,,10001~615300|10010~2494,10001~15065500|10010~86900,10002~296,10001~115678|10010~468,10~5645~10|12~4139~10|14~22585~10|1000~0.1113~3|1200~0.1113~3|1400~0.1113~3|20~0.0835~7|22~0.0835~7|24~0.0835~7|25~0.0835~7|79~0.1113~5|70~0.1113~5|89~0.1113~5|80~0.1113~5|1500~0.1113~7
94,璀璨项链+3,necklace07,1,6,,3,,10001~634200|10010~2545,10001~15680800|10010~89394,10002~304,10001~120191|10010~482,10~5768~10|12~4230~10|14~23076~10|1000~0.1123~3|1200~0.1123~3|1400~0.1123~3|20~0.0842~7|22~0.0842~7|24~0.0842~7|25~0.0842~7|79~0.1123~5|70~0.1123~5|89~0.1123~5|80~0.1123~5|1500~0.1123~7
95,璀璨项链+4,necklace07,1,6,,3,,10001~653400|10010~2596,10001~16315000|10010~91939,10002~312,10001~124809|10010~495,10~5891~10|12~4320~10|14~23567~10|1000~0.1132~3|1200~0.1132~3|1400~0.1132~3|20~0.0849~7|22~0.0849~7|24~0.0849~7|25~0.0849~7|79~0.1132~5|70~0.1132~5|89~0.1132~5|80~0.1132~5|1500~0.1132~7
96,璀璨项链+5,necklace07,1,6,,3,,10001~672900|10010~2647,10001~16968400|10010~94535,10002~321,10001~129534|10010~509,10~6014~10|12~4410~10|14~24059~10|1000~0.1142~3|1200~0.1142~3|1400~0.1142~3|20~0.0856~7|22~0.0856~7|24~0.0856~7|25~0.0856~7|79~0.1142~5|70~0.1142~5|89~0.1142~5|80~0.1142~5|1500~0.1142~7
97,璀璨项链+6,necklace07,1,6,,3,,10001~692600|10010~2698,10001~17641300|10010~97182,10002~329,10001~134367|10010~523,10~6136~10|12~4500~10|14~24550~10|1000~0.1152~3|1200~0.1152~3|1400~0.1152~3|20~0.0864~7|22~0.0864~7|24~0.0864~7|25~0.0864~7|79~0.1152~5|70~0.1152~5|89~0.1152~5|80~0.1152~5|1500~0.1152~7
98,璀璨项链+7,necklace07,1,6,,3,,10001~712500|10010~2749,10001~18333900|10010~99880,10002~337,10001~139309|10010~537,10~6259~10|12~4590~10|14~25041~10|1000~0.1161~3|1200~0.1161~3|1400~0.1161~3|20~0.0871~7|22~0.0871~7|24~0.0871~7|25~0.0871~7|79~0.1161~5|70~0.1161~5|89~0.1161~5|80~0.1161~5|1500~0.1161~7
99,璀璨项链+8,necklace07,1,6,,3,,10001~732700|10010~2800,10001~19046400|10010~102629,10002~345,10001~144361|10010~551,10~6382~10|12~4680~10|14~25532~10|1000~0.1171~3|1200~0.1171~3|1400~0.1171~3|20~0.0878~7|22~0.0878~7|24~0.0878~7|25~0.0878~7|79~0.1171~5|70~0.1171~5|89~0.1171~5|80~0.1171~5|1500~0.1171~7
100,璀璨项链+9,necklace07,1,6,,3,1,10001~753200|10010~4277,10001~19779100|10010~105429,10002~354,10001~149524|10010~849,10~6505~10|12~4770~10|14~26024~10|1000~0.1181~3|1200~0.1181~3|1400~0.1181~3|20~0.0885~7|22~0.0885~7|24~0.0885~7|25~0.0885~7|79~0.1181~5|70~0.1181~5|89~0.1181~5|80~0.1181~5|1500~0.1181~7
101,虹光项链,necklace08,2,6,,3,,10001~775200|10010~2907,10001~20532300|10010~109706,10002~363,10001~155040|10010~581,10~6639~10|12~4868~10|14~26562~10|1000~0.1197~3|1200~0.1197~3|1400~0.1197~3|20~0.0898~7|22~0.0898~7|24~0.0898~7|25~0.0898~7|79~0.1197~5|70~0.1197~5|89~0.1197~5|80~0.1197~5|1500~0.1197~7
102,虹光项链+1,necklace08,2,6,,3,,10001~797400|10010~2962,10001~21307500|10010~112613,10002~372,10001~159481|10010~592,10~6774~10|12~4967~10|14~27100~10|1000~0.1206~3|1200~0.1206~3|1400~0.1206~3|20~0.0904~7|22~0.0904~7|24~0.0904~7|25~0.0904~7|79~0.1206~5|70~0.1206~5|89~0.1206~5|80~0.1206~5|1500~0.1206~7
103,虹光项链+2,necklace08,2,6,,3,,10001~819800|10010~3018,10001~22104900|10010~115575,10002~381,10001~163978|10010~603,10~6908~10|12~5066~10|14~27638~10|1000~0.1215~3|1200~0.1215~3|1400~0.1215~3|20~0.0911~7|22~0.0911~7|24~0.0911~7|25~0.0911~7|79~0.1215~5|70~0.1215~5|89~0.1215~5|80~0.1215~5|1500~0.1215~7
104,虹光项链+3,necklace08,2,6,,3,,10001~842600|10010~3073,10001~22924700|10010~118593,10002~391,10001~168530|10010~614,10~7043~10|12~5164~10|14~28176~10|1000~0.1225~3|1200~0.1225~3|1400~0.1225~3|20~0.0919~7|22~0.0919~7|24~0.0919~7|25~0.0919~7|79~0.1225~5|70~0.1225~5|89~0.1225~5|80~0.1225~5|1500~0.1225~7
105,虹光项链+4,necklace08,2,6,,3,,10001~865600|10010~3129,10001~23767300|10010~121666,10002~400,10001~173138|10010~625,10~7177~10|12~5263~10|14~28714~10|1000~0.1235~3|1200~0.1235~3|1400~0.1235~3|20~0.0926~7|22~0.0926~7|24~0.0926~7|25~0.0926~7|79~0.1235~5|70~0.1235~5|89~0.1235~5|80~0.1235~5|1500~0.1235~7
106,虹光项链+5,necklace08,2,6,,3,,10001~889000|10010~3184,10001~24632900|10010~124795,10002~410,10001~177801|10010~636,10~7312~10|12~5362~10|14~29252~10|1000~0.1244~3|1200~0.1244~3|1400~0.1244~3|20~0.0933~7|22~0.0933~7|24~0.0933~7|25~0.0933~7|79~0.1244~5|70~0.1244~5|89~0.1244~5|80~0.1244~5|1500~0.1244~7
107,虹光项链+6,necklace08,2,6,,3,,10001~912600|10010~3240,10001~25521900|10010~127979,10002~419,10001~182520|10010~648,10~7446~10|12~5460~10|14~29790~10|1000~0.1254~3|1200~0.1254~3|1400~0.1254~3|20~0.094~7|22~0.094~7|24~0.094~7|25~0.094~7|79~0.1254~5|70~0.1254~5|89~0.1254~5|80~0.1254~5|1500~0.1254~7
108,虹光项链+7,necklace08,2,6,,3,,10001~936400|10010~3295,10001~26434500|10010~131219,10002~429,10001~187294|10010~659,10~7581~10|12~5559~10|14~30328~10|1000~0.1264~3|1200~0.1264~3|1400~0.1264~3|20~0.0948~7|22~0.0948~7|24~0.0948~7|25~0.0948~7|79~0.1264~5|70~0.1264~5|89~0.1264~5|80~0.1264~5|1500~0.1264~7
109,虹光项链+8,necklace08,2,6,,3,,10001~960600|10010~3351,10001~27370900|10010~134514,10002~438,10001~192124|10010~670,10~7715~10|12~5657~10|14~30866~10|1000~0.1273~3|1200~0.1273~3|1400~0.1273~3|20~0.0955~7|22~0.0955~7|24~0.0955~7|25~0.0955~7|79~0.1273~5|70~0.1273~5|89~0.1273~5|80~0.1273~5|1500~0.1273~7
110,虹光项链+9,necklace08,2,6,,3,1,10001~986300|10010~5116,10001~28331500|10010~137865,10002~449,10001~197269|10010~1023,10~7861~10|12~5765~10|14~31451~10|1000~0.1283~3|1200~0.1283~3|1400~0.1283~3|20~0.0962~7|22~0.0962~7|24~0.0962~7|25~0.0962~7|79~0.1283~5|70~0.1283~5|89~0.1283~5|80~0.1283~5|1500~0.1283~7
111,神圣项链,necklace09,3,6,,3,,10001~1012300|10010~3471,10001~29317800|10010~142981,10002~459,10001~202475|10010~694,10~8008~10|12~5872~10|14~32035~10|1000~0.13~3|1200~0.13~3|1400~0.13~3|20~0.0975~7|22~0.0975~7|24~0.0975~7|25~0.0975~7|79~0.13~5|70~0.13~5|89~0.13~5|80~0.13~5|1500~0.13~7
112,神圣项链+1,necklace09,3,6,,3,,10001~1038700|10010~3531,10001~30330100|10010~146452,10002~470,10001~207740|10010~706,10~8154~10|12~5979~10|14~32620~10|1000~0.1308~3|1200~0.1308~3|1400~0.1308~3|20~0.0981~7|22~0.0981~7|24~0.0981~7|25~0.0981~7|79~0.1308~5|70~0.1308~5|89~0.1308~5|80~0.1308~5|1500~0.1308~7
113,神圣项链+2,necklace09,3,6,,3,,10001~1065300|10010~3591,10001~31368800|10010~149983,10002~481,10001~213066|10010~718,10~8300~10|12~6086~10|14~33205~10|1000~0.1318~3|1200~0.1318~3|1400~0.1318~3|20~0.0988~7|22~0.0988~7|24~0.0988~7|25~0.0988~7|79~0.1318~5|70~0.1318~5|89~0.1318~5|80~0.1318~5|1500~0.1318~7
114,神圣项链+3,necklace09,3,6,,3,,10001~1092200|10010~3651,10001~32434100|10010~153574,10002~491,10001~218451|10010~730,10~8446~10|12~6193~10|14~33790~10|1000~0.1327~3|1200~0.1327~3|1400~0.1327~3|20~0.0995~7|22~0.0995~7|24~0.0995~7|25~0.0995~7|79~0.1327~5|70~0.1327~5|89~0.1327~5|80~0.1327~5|1500~0.1327~7
115,神圣项链+4,necklace09,3,6,,3,,10001~1119400|10010~3711,10001~33526300|10010~157225,10002~502,10001~223897|10010~742,10~8592~10|12~6301~10|14~34375~10|1000~0.1337~3|1200~0.1337~3|1400~0.1337~3|20~0.1003~7|22~0.1003~7|24~0.1003~7|25~0.1003~7|79~0.1337~5|70~0.1337~5|89~0.1337~5|80~0.1337~5|1500~0.1337~7
116,神圣项链+5,necklace09,3,6,,3,,10001~1147000|10010~3771,10001~34645700|10010~160936,10002~513,10001~229402|10010~754,10~8738~10|12~6408~10|14~34959~10|1000~0.1347~3|1200~0.1347~3|1400~0.1347~3|20~0.101~7|22~0.101~7|24~0.101~7|25~0.101~7|79~0.1347~5|70~0.1347~5|89~0.1347~5|80~0.1347~5|1500~0.1347~7
117,神圣项链+6,necklace09,3,6,,3,,10001~1174800|10010~3831,10001~35792700|10010~164707,10002~524,10001~234968|10010~766,10~8885~10|12~6515~10|14~35544~10|1000~0.1356~3|1200~0.1356~3|1400~0.1356~3|20~0.1017~7|22~0.1017~7|24~0.1017~7|25~0.1017~7|79~0.1356~5|70~0.1356~5|89~0.1356~5|80~0.1356~5|1500~0.1356~7
118,神圣项链+7,necklace09,3,6,,3,,10001~1202900|10010~3891,10001~36967500|10010~168538,10002~535,10001~240593|10010~778,10~9031~10|12~6622~10|14~36129~10|1000~0.1366~3|1200~0.1366~3|1400~0.1366~3|20~0.1024~7|22~0.1024~7|24~0.1024~7|25~0.1024~7|79~0.1366~5|70~0.1366~5|89~0.1366~5|80~0.1366~5|1500~0.1366~7
119,神圣项链+8,necklace09,3,6,,3,,10001~1232700|10010~3955,10001~38170400|10010~172429,10002~547,10001~246559|10010~791,10~9189~10|12~6738~10|14~36761~10|1000~0.1376~3|1200~0.1376~3|1400~0.1376~3|20~0.1032~7|22~0.1032~7|24~0.1032~7|25~0.1032~7|79~0.1376~5|70~0.1376~5|89~0.1376~5|80~0.1376~5|1500~0.1376~7
120,神圣项链+9,necklace09,3,6,,3,,,10001~39403100|10010~176384,,10001~252590|10010~1206,10~9347~10|12~6854~10|14~37392~10|1000~0.1385~3|1200~0.1385~3|1400~0.1385~3|20~0.1039~7|22~0.1039~7|24~0.1039~7|25~0.1039~7|79~0.1385~5|70~0.1385~5|89~0.1385~5|80~0.1385~5|1500~0.1385~7
