id,chapter,roundType,bossId,monster,show,reward,minuteCurrency
int32,int32,int32,int32,[]{int32 id;int32 lv},[]{int32 id;int64 n},[]{int32 id;int64 n},[]{int32 id;int32 n}
1,1,0,0,30005~1|30005~1|0~1|0~1|0~1|0~1|0~1,,10001~1000|10003~200|22054~30,10003~96|10001~108|10005~36
2,1,0,0,0~2|30010~2|0~2|30011~2|30011~2|0~2|0~2,,10001~1250|10003~200,10003~98|10001~109|10005~37
3,1,0,0,30042~3|30042~3|30042~3|30042~3|30042~3|30042~3|0~3,,10001~1500|10003~200|23101~1,10003~101|10001~110|10005~38
4,1,0,0,30010~4|30010~4|0~4|30131~4|30131~4|0~4|0~4,,10001~1750|10003~300,10003~103|10001~111|10005~39
5,1,0,31500,30004~5|0~5|30011~5|0~5|0~5|0~5|31500~6,,10001~2000|10003~400|10006~20|23201~1,10003~106|10001~112|10005~41
6,1,0,0,30047~6|0~6|30051~6|0~6|30124~6|30051~6|0~6,,10001~2250|10003~470,10003~108|10001~113|10005~42
7,1,0,0,30001~7|30001~7|0~7|30124~7|0~7|30123~7|0~7,,10001~2500|10003~540|23301~1,10003~111|10001~114|10005~43
8,1,0,0,30001~8|30004~8|0~8|0~8|30119~8|30119~8|0~8,,10001~2750|10003~610,10003~113|10001~115|10005~44
9,1,0,0,30043~9|0~9|30042~9|30119~9|30124~9|0~9|0~9,,10001~3000|10003~680|23401~1,10003~116|10001~116|10005~46
10,1,1,30015,30009~10|30051~10|0~10|30129~10|30015~12|0~10|0~10,30015,10001~3250|10003~750|10005~4000|10006~30|30015~1,10003~118|10001~117|10005~47
11,1,0,0,30119~11|30043~11|0~11|30042~11|30119~11|0~11|0~11,,10001~3500|10003~820|23101~1,10003~121|10001~118|10005~48
12,1,0,0,0~11|0~11|30119~11|30123~11|30005~11|30124~11|0~11,,10001~3750|10003~890,10003~123|10001~119|10005~49
13,1,0,0,0~12|0~12|30005~12|30123~12|30046~12|30119~12|0~12,,10001~4000|10003~960|10005~4400|23201~1,10003~126|10001~120|10005~51
14,1,0,0,30119~13|30043~13|0~13|30119~13|30123~13|0~13|0~13,,10001~4250|10003~1030,10003~128|10001~121|10005~52
15,1,0,0,30009~14|0~14|30015~14|30023~14|30016~14|0~14|0~14,21041~20,10001~4500|10003~1100|21041~20|10006~30,10003~131|10001~122|10005~53
16,1,0,0,30004~14|30119~14|30119~14|30042~14|30124~14|0~14|0~14,,10001~4750|10003~1170|10005~4400|23301~1,10003~133|10001~123|10005~54
17,1,0,0,30043~15|30119~15|30123~15|30046~15|30119~15|0~15|0~15,,10001~5000|10003~1240,10003~136|10001~124|10005~56
18,1,0,0,30043~16|30043~16|30123~16|30005~16|30042~16|0~16|0~16,,10001~5250|10003~1310|23402~1,10003~138|10001~125|10005~57
19,1,0,0,30119~16|30001~16|30005~16|30119~16|30119~16|0~16|0~16,,10001~5500|10003~1380,10003~141|10001~126|10005~58
20,1,1,30022,30009~17|30009~17|30023~17|30022~19|30016~17|0~17|0~17,21051~5,10001~5750|10003~1450|21051~5|10006~30,10003~144|10001~127|10005~60
21,2,0,0,30043~18|30043~18|30042~18|30042~18|30119~18|30042~18|0~18,,10001~6000|10003~1520|23102~1,10003~146|10001~128|10005~61
22,2,0,0,30001~19|30119~19|30046~19|30123~19|30042~19|30042~19|0~19,,10001~6250|10003~1590|10005~4600,10003~148|10001~129|10005~62
23,2,0,0,30004~19|30119~19|30046~19|30042~19|30123~19|30046~19|0~19,,10001~6500|10003~1660|23202~1,10003~151|10001~130|10005~63
24,2,0,0,30001~20|30004~20|30005~20|30119~20|30119~20|30207~20|0~20,,10001~6750|10003~1730,10003~153|10001~132|10005~64
25,2,0,0,30130~21|30130~21|30134~21|30142~21|30134~21|0~21|0~21,21041~20,10001~7000|10003~1800|21041~20|10005~4600|10006~30|20011~2,10003~156|10001~133|10005~66
26,2,0,0,30164~21|30043~21|30124~21|30005~21|30123~21|30207~21|0~21,,10001~7250|10003~1870|23302~1,10003~158|10001~134|10005~67
27,2,0,0,30001~22|30119~22|30207~22|30119~22|30051~22|30042~22|0~22,,10001~7500|10003~1940,10003~160|10001~135|10005~68
28,2,0,0,30119~23|30001~23|30124~23|30206~23|30011~23|30051~23|0~23,,10001~7750|10003~2010|23402~1,10003~163|10001~136|10005~69
29,2,0,0,30004~24|30048~24|30124~24|30010~24|30011~24|30119~24|0~24,,10001~8000|10003~2080,10003~165|10001~137|10005~70
30,2,1,30300,30137~24|30130~24|30131~24|30300~26|30131~24|30142~24|0~24,21051~5,10001~8250|10003~2150|21051~5|10006~30,10003~168|10001~138|10005~72
31,2,0,0,30119~25|30047~25|30124~25|30042~25|30046~25|30005~25|0~25,,10001~8500|10003~2220|10005~4800|23102~1,10003~170|10001~139|10005~73
32,2,0,0,30126~26|30048~26|30119~26|30042~26|30119~26|30119~26|0~26,,10001~8750|10003~2290,10003~172|10001~140|10005~74
33,2,0,0,30001~26|30048~26|30119~26|30206~26|30051~26|30207~26|0~26,,10001~9000|10003~2360|23202~1,10003~175|10001~141|10005~75
34,2,0,0,30001~27|30001~27|30124~27|30005~27|30046~27|30206~27|0~27,,10001~9250|10003~2430|10005~4800,10003~177|10001~142|10005~76
35,2,0,0,30052~28|30052~28|30047~28|30061~28|30060~28|30047~28|0~28,21041~20,10001~9500|10003~2500|21041~20|10006~30,10003~180|10001~143|10005~77
36,2,0,0,30043~29|30001~29|30046~29|30206~29|30046~29|30010~29|0~29,,10001~9750|10003~2570|23302~1,10003~182|10001~144|10005~79
37,2,0,0,30048~29|30004~29|30005~29|30119~29|30129~29|30123~29|0~29,,10001~10000|10003~2640,10003~184|10001~145|10005~80
38,2,0,0,30119~30|30125~30|30011~30|30119~30|30046~30|30207~30|0~30,,10001~10250|10003~2710|23403~1,10003~187|10001~146|10005~81
39,2,0,0,30164~31|30125~31|30119~31|30005~31|30042~31|30042~31|0~31,,10001~10500|10003~2780,10003~189|10001~147|10005~82
40,2,1,30256,30058~32|30059~32|30054~32|30063~32|30256~34|30061~32|0~32,21051~5,10001~10750|10003~2850|21051~5|10005~5000|10006~30,10003~192|10001~148|10005~84
41,3,0,0,30043~32|30010~32|30119~32|30046~32|30046~32|30005~32|0~32,,10001~11000|10003~2920|23103~1,10003~194|10001~149|10005~85
42,3,0,0,30119~33|30048~33|30042~33|30119~33|30046~33|30119~33|0~33,,10001~11250|10003~2990,10003~196|10001~150|10005~86
43,3,0,0,30119~34|30119~34|30129~34|30048~34|30207~34|30207~34|0~34,,10001~11500|10003~3060|10005~5000|23203~1,10003~199|10001~151|10005~87
44,3,0,0,30043~34|30125~34|30119~34|30046~34|30119~34|30119~34|0~34,,10001~11750|10003~3130,10003~201|10001~152|10005~88
45,3,0,0,30130~35|30130~35|30134~35|30137~35|30134~35|30130~35|0~35,21041~20,10001~12000|10003~3200|21041~20|10006~30|20003~1,10003~204|10001~153|10005~90
46,3,0,0,30043~36|30004~36|30042~36|30119~36|30119~36|30010~36|0~36,,10001~12250|10003~3270|23303~1,10003~206|10001~154|10005~91
47,3,0,0,30010~37|30048~37|30207~37|30010~37|30207~37|30042~37|0~37,,10001~12500|10003~3340,10003~208|10001~156|10005~92
48,3,0,0,30001~37|30001~37|30005~37|30119~37|30119~37|30010~37|0~37,,10001~12750|10003~3410|23403~1,10003~211|10001~157|10005~93
49,3,0,0,30004~38|30119~38|30048~38|30119~38|30042~38|30119~38|0~38,,10001~13000|10003~3480|10005~5200,10003~213|10001~158|10005~94
50,3,1,30022,30019~39|30019~39|30023~39|30024~39|30022~41|30023~39|0~39,21051~5,10001~13250|10003~3550|21051~5|10006~30,10003~216|10001~159|10005~96
51,3,0,0,30164~39|30119~39|30042~39|30124~39|30051~39|30119~39|0~39,,10001~13500|10003~3620|23103~1,10003~218|10001~160|10005~97
52,3,0,0,30043~40|30119~40|30119~40|30119~40|30046~40|30129~40|0~40,,10001~13750|10003~3690|10005~5200,10003~220|10001~161|10005~98
53,3,0,0,30009~41|30004~41|30005~41|30046~41|30046~41|30119~41|0~41,,10001~14000|10003~3760|23203~1,10003~223|10001~162|10005~99
54,3,0,0,30001~42|30119~42|30011~42|30005~42|30119~42|30042~42|0~42,,10001~14250|10003~3830,10003~225|10001~163|10005~100
55,3,0,0,30058~42|30064~42|30047~42|30060~42|30063~42|30047~42|0~42,21041~20,10001~14500|10003~3900|21041~20|10006~30,10003~228|10001~164|10005~102
56,3,0,0,30009~43|30009~43|30042~43|30048~43|30119~43|30042~43|0~43,,10001~14750|10003~3970|23303~1,10003~230|10001~165|10005~103
57,3,0,0,30119~44|30125~44|30005~44|30005~44|30119~44|30048~44|0~44,,10001~15000|10003~4040,10003~232|10001~166|10005~104
58,3,0,0,30119~44|30048~44|30119~44|30051~44|30005~44|30042~44|0~44,,10001~15250|10003~4110|10005~5400|23403~1,10003~235|10001~167|10005~105
59,3,0,0,30164~45|30047~45|30011~45|30042~45|30042~45|30124~45|0~45,,10001~15500|10003~4180,10003~237|10001~168|10005~106
60,3,1,30300,30136~46|30136~46|30140~46|30142~46|30300~48|30140~46|0~46,20002~5,10001~15750|10003~4250|21051~5|10006~30|20002~5,10003~240|10001~169|10005~108
61,4,0,0,30043~47|30010~47|30124~47|30124~47|30119~47|30051~47|0~47,,10001~16000|10003~4320|10005~5400|23103~1,10003~242|10001~170|10005~109
62,4,0,0,30047~47|30048~47|30042~47|30123~47|30119~47|30129~47|0~47,,10001~16250|10003~4390,10003~244|10001~171|10005~111
63,4,0,0,30048~48|30119~48|30005~48|30048~48|30042~48|30046~48|0~48,,10001~16500|10003~4460|23203~1,10003~247|10001~172|10005~113
64,4,0,0,30001~49|30001~49|30046~49|30207~49|30123~49|30010~49|0~49,,10001~16750|10003~4530,10003~249|10001~173|10005~115
65,4,0,0,30019~49|30019~49|30235~49|30323~49|30022~49|30235~49|0~49,21041~20,10001~17000|10003~4600|21041~20|10006~31,10003~252|10001~174|10005~117
66,4,0,0,30043~50|30043~50|30005~50|30119~50|30042~50|30206~50|0~50,,10001~17250|10003~4670|23303~1,10003~254|10001~175|10005~118
67,4,0,0,30009~51|30119~51|30048~51|30046~51|30124~51|30119~51|0~51,,10001~17500|10003~4740|10005~5600,10003~256|10001~176|10005~120
68,4,0,0,30164~52|30047~52|30051~52|30010~52|30119~52|30119~52|0~52,,10001~17750|10003~4810|23403~1,10003~259|10001~177|10005~122
69,4,0,0,30126~52|30001~52|30119~52|30119~52|30119~52|30206~52|0~52,,10001~18000|10003~4880,10003~261|10001~178|10005~124
70,4,1,30319,30058~53|30235~53|30053~53|30142~53|30319~55|30053~53|0~53,21051~5,10001~18025|10003~4980|21051~5|10005~8400|10006~40,10003~264|10001~180|10005~126
71,4,0,0,30043~53|30048~53|30042~53|30051~53|30005~53|30005~53|0~53,,10001~18050|10003~5080|23103~1,10003~265|10001~180|10005~127
72,4,0,0,30004~54|30125~54|30042~54|30119~54|30119~54|30042~54|0~54,,10001~18075|10003~5180,10003~267|10001~181|10005~129
73,4,0,0,30126~54|30119~54|30046~54|30119~54|30119~54|30124~54|0~54,,10001~18100|10003~5280|23203~1,10003~269|10001~182|10005~131
74,4,0,0,30010~55|30043~55|30119~55|30124~55|30042~55|30207~55|0~55,,10001~18125|10003~5380,10003~271|10001~183|10005~133
75,4,0,0,30136~55|30138~55|30134~55|30142~55|30300~55|30134~55|0~55,21041~20,10001~18150|10003~5480|21041~20|10006~42,10003~273|10001~184|10005~135
76,4,0,0,30009~55|30010~55|30042~55|30042~55|30206~55|30048~55|0~55,,10001~18175|10003~5580|10005~8950|23303~1,10003~274|10001~185|10005~136
77,4,0,0,30004~56|30010~56|30119~56|30010~56|30051~56|30123~56|0~56,,10001~18200|10003~5680,10003~276|10001~186|10005~138
78,4,0,0,30126~56|30004~56|30119~56|30005~56|30046~56|30119~56|0~56,,10001~18225|10003~5780|23404~1,10003~278|10001~187|10005~140
79,4,0,0,30009~56|30119~56|30042~56|30042~56|30207~56|30042~56|0~56,,10001~18250|10003~5880|10005~8950,10003~280|10001~188|10005~142
80,4,1,30345,30235~57|30137~57|30236~57|30260~57|30345~59|30024~57|0~57,21051~5,10001~18275|10003~5980|21051~5|10006~42,10003~282|10001~189|10005~144
81,5,0,0,30126~57|30001~57|30042~57|30129~57|30119~57|30123~57|0~57,,10001~18300|10003~6080|23104~1,10003~283|10001~189|10005~146
82,5,0,0,30001~58|30119~58|30042~58|30124~58|30124~58|30124~58|0~58,,10001~18325|10003~6180,10003~285|10001~190|10005~148
83,5,0,0,30119~58|30126~58|30129~58|30206~58|30206~58|30005~58|0~58,,10001~18350|10003~6280|23204~1,10003~287|10001~191|10005~151
84,5,0,0,30125~58|30119~58|30048~58|30119~58|30119~58|30005~58|0~58,,10001~18375|10003~6380,10003~289|10001~192|10005~153
85,5,0,0,30058~59|30235~59|30136~59|30022~59|30256~59|30300~59|0~59,21041~20,10001~18400|10003~6480|21041~20|10005~9500|10006~43,10003~291|10001~193|10005~156
86,5,0,0,30001~59|30119~59|30129~59|30123~59|30123~59|30123~59|0~59,,10001~18425|10003~6580|23304~1,10003~292|10001~194|10005~158
87,5,0,0,30004~59|30004~59|30005~59|30134~59|30010~59|30018~59|0~59,,10001~18450|10003~6680,10003~294|10001~195|10005~160
88,5,0,0,30010~60|30004~60|30170~60|30056~60|30207~60|30124~60|0~60,,10001~18475|10003~6780|10005~9500|23404~1,10003~296|10001~196|10005~163
89,5,0,0,30164~60|30043~60|30170~60|30016~60|30048~60|30170~60|0~60,,10001~18500|10003~6880,10003~298|10001~197|10005~165
90,5,1,30301,30136~61|30138~61|30138~61|30141~61|30301~63|30141~61|0~61,21051~5,10001~18525|10003~6980|21051~5|10006~43,10003~300|10001~198|10005~168
91,5,0,0,30131~61|30048~61|30207~61|30133~61|30129~61|30010~61|0~61,,10001~18550|10003~7080|23104~1,10003~301|10001~198|10005~170
92,5,0,0,30131~61|30126~61|30206~61|30207~61|30134~61|30015~61|0~61,,10001~18575|10003~7180,10003~303|10001~199|10005~172
93,5,0,0,30125~62|30169~62|30011~62|30129~62|30134~62|30170~62|0~62,,10001~18600|10003~7280|23204~1,10003~305|10001~200|10005~175
94,5,0,0,30047~62|30009~62|30134~62|30170~62|30129~62|30018~62|0~62,,10001~18625|10003~7380|10005~10050,10003~307|10001~201|10005~177
95,5,0,0,30047~62|30047~62|30054~62|30062~62|30061~62|30054~62|0~62,21041~20,10001~18650|10003~7480|21041~20|10006~43,10003~309|10001~202|10005~180
96,5,0,0,30510~63|30516~63|30515~63|30170~63|30018~63|30515~63|0~63,,10001~18675|10003~7580|23304~1,10003~310|10001~203|10005~182
97,5,0,0,30014~63|30501~63|30503~63|30511~63|30014~63|30507~63|0~63,,10001~18700|10003~7680|10005~10050,10003~312|10001~204|10005~184
98,5,0,0,30209~64|30208~64|30507~64|30518~64|30504~64|30518~64|0~64,,10001~18725|10003~7780|23404~1,10003~314|10001~205|10005~187
99,5,0,0,30130~64|30506~64|30515~64|30511~64|30209~64|30213~64|0~64,,10001~18750|10003~7880,10003~316|10001~206|10005~189
100,5,1,30319,30175~64|30064~64|30167~64|30171~64|30319~66|30167~64|0~64,21051~5,10001~18775|10003~7980|21051~5|10006~43,10003~317|10001~207|10005~192
101,6,0,0,30130~65|30509~65|30518~65|30054~65|30056~65|30511~65|0~65,,10001~18800|10003~8080|23104~1,10003~319|10001~207|10005~194
102,6,0,0,30169~65|30131~65|30507~65|30056~65|30512~65|30134~65|0~65,,10001~18825|10003~8180,10003~321|10001~208|10005~196
103,6,0,0,30506~65|30169~65|30056~65|30518~65|30504~65|30508~65|0~65,,10001~18850|10003~8280|10005~10600|23204~1,10003~323|10001~209|10005~199
104,6,0,0,30506~66|30169~66|30054~66|30507~66|30502~66|30018~66|0~66,,10001~18875|10003~8380,10003~325|10001~210|10005~201
105,6,0,0,30052~66|30014~66|30056~66|30024~66|30018~66|30024~66|0~66,21041~20,10001~18900|10003~8480|21041~20|10006~44,10003~326|10001~211|10005~204
106,6,0,0,30501~67|30517~67|30213~67|30133~67|30018~67|30056~67|0~67,,10001~18925|10003~8580|10005~10600|23304~1,10003~328|10001~212|10005~206
107,6,0,0,30509~67|30209~67|30512~67|30518~67|30508~67|30503~67|0~67,,10001~18950|10003~8680,10003~330|10001~213|10005~208
108,6,0,0,30516~67|30505~67|30134~67|30134~67|30502~67|30504~67|0~67,,10001~18975|10003~8780|23404~1,10003~332|10001~214|10005~211
109,6,0,0,30053~68|30509~68|30056~68|30504~68|30507~68|30512~68|0~68,,10001~19000|10003~8880,10003~334|10001~215|10005~213
110,6,1,30178,30214~68|30341~68|30178~68|30342~68|30064~68|30178~70|0~68,21051~5,10001~19025|10003~8980|21051~5|10006~45,10003~336|10001~216|10005~216
111,6,0,,30513~68|30170~68|30502~68|30016~68|30502~68|30015~68|0~68,,10001~19050|10003~9080|23104~1,10003~337|10001~216|10005~216
112,6,0,,30506~69|30169~69|30209~69|30014~69|30056~69|30014~69|0~69,,10001~19075|10003~9180|10005~15050,10003~339|10001~217|10005~216
113,6,0,,30516~69|30510~69|30053~69|30170~69|30170~69|30502~69|0~69,,10001~19100|10003~9280|23204~1,10003~341|10001~218|10005~217
114,6,0,,30131~70|30130~70|30018~70|30053~70|30053~70|30170~70|0~70,,10001~19125|10003~9380,10003~343|10001~219|10005~217
115,6,0,,30235~70|30170~70|30016~70|30024~70|30213~70|30219~70|0~70,21041~20,10001~19150|10003~9480|21041~20|10005~15050|10006~45,10003~345|10001~220|10005~218
116,6,0,,30509~70|30209~70|30134~70|30018~70|30054~70|30515~70|0~70,,10001~19175|10003~9580|23304~1,10003~347|10001~221|10005~218
117,6,0,,30509~71|30509~71|30056~71|30515~71|30508~71|30056~71|0~71,,10001~19200|10003~9680,10003~349|10001~222|10005~219
118,6,0,,30516~71|30130~71|30053~71|30014~71|30053~71|30515~71|0~71,,10001~19225|10003~9780|23404~1,10003~351|10001~223|10005~219
119,6,0,,30131~71|30208~71|30016~71|30056~71|30512~71|30512~71|0~71,,10001~19250|10003~9880,10003~353|10001~224|10005~220
120,6,1,30024,30214~72|30169~72|30062~72|30141~72|30140~72|30024~74|0~72,21051~5,10001~19275|10003~9980|21051~5|10006~45,10003~355|10001~225|10005~220
121,7,0,,30501~72|30169~72|30511~72|30508~72|30507~72|30170~72|0~72,,10001~19300|10003~10080|10005~15900|23104~1,10003~357|10001~226|10005~221
122,7,0,,30505~73|30169~73|30508~73|30515~73|30503~73|30170~73|0~73,,10001~19325|10003~10180,10003~359|10001~227|10005~221
123,7,0,,30131~73|30052~73|30054~73|30018~73|30134~73|30053~73|0~73,,10001~19350|10003~10280|23204~1,10003~360|10001~228|10005~222
124,7,0,,30517~73|30130~73|30511~73|30134~73|30515~73|30018~73|0~73,,10001~19375|10003~10380|10005~15900,10003~362|10001~229|10005~222
125,7,0,,30136~74|30021~74|30016~74|30024~74|30054~74|30025~74|0~74,21041~20,10001~19400|10003~10480|21041~20|10006~45,10003~364|10001~230|10005~223
126,7,0,,30510~74|30131~74|30512~74|30504~74|30213~74|30054~74|0~74,,10001~19425|10003~10580|23304~1,10003~366|10001~231|10005~223
127,7,0,,30516~74|30516~74|30133~74|30016~74|30170~74|30014~74|0~74,,10001~19450|10003~10680,10003~368|10001~232|10005~224
128,7,0,,30130~75|30053~75|30508~75|30016~75|30056~75|30504~75|0~75,,10001~19475|10003~10780|23404~1,10003~370|10001~233|10005~224
129,7,0,,30130~75|30053~75|30507~75|30056~75|30015~75|30511~75|0~75,,10001~19500|10003~10880,10003~372|10001~234|10005~225
130,7,1,30141,30175~76|30445~76|30321~76|30023~76|30217~76|30141~78|0~76,21051~5,10001~19525|10003~10980|21051~5|10005~16750|10006~45,10003~374|10001~235|10005~225
131,7,0,,30505~76|30052~76|30512~76|30502~76|30512~76|30507~76|0~76,,10001~19550|10003~11080|23104~1,10003~376|10001~236|10005~226
132,7,0,,30505~76|30510~76|30053~76|30503~76|30503~76|30015~76|0~76,,10001~19575|10003~11180,10003~378|10001~237|10005~226
133,7,0,,30513~77|30510~77|30053~77|30015~77|30209~77|30511~77|0~77,,10001~19600|10003~11280|10005~16750|23204~1,10003~380|10001~238|10005~227
134,7,0,,30131~77|30170~77|30054~77|30014~77|30053~77|30503~77|0~77,,10001~19625|10003~11380,10003~382|10001~239|10005~227
135,7,0,,30019~77|30236~77|30213~77|30140~77|30056~77|30180~77|0~77,21041~20,10001~19725|10003~11480|21041~20|10006~45,10003~384|10001~240|10005~228
136,7,0,,30014~78|30513~78|30512~78|30503~78|30508~78|30053~78|0~78,,10001~19825|10003~11580|23304~1,10003~385|10001~240|10005~228
137,7,0,,30170~78|30505~78|30503~78|30053~78|30508~78|30507~78|0~78,,10001~19925|10003~11680,10003~387|10001~241|10005~229
138,7,0,,30516~79|30501~79|30014~79|30056~79|30209~79|30515~79|0~79,,10001~20025|10003~11780|23404~1,10003~388|10001~242|10005~230
139,7,0,,30170~79|30510~79|30213~79|30056~79|30512~79|30056~79|0~79,,10001~20125|10003~11880|10005~24000,10003~390|10001~243|10005~231
140,7,1,30470,30175~79|30021~79|30180~79|30023~79|30220~79|30470~81|0~79,21051~5,10001~20225|10003~11980|21051~5|10006~45,10003~392|10001~244|10005~232
141,8,0,,30170~80|30131~80|30504~80|30056~80|30016~80|30170~80|0~80,,10001~20325|10003~12080|23104~1,10003~393|10001~244|10005~232
142,8,0,,30513~80|30169~80|30054~80|30511~80|30133~80|30512~80|0~80,,10001~20425|10003~12180|10005~24000,10003~395|10001~245|10005~233
143,8,0,,30505~80|30169~80|30054~80|30016~80|30134~80|30213~80|0~80,,10001~20525|10003~12280|23204~1,10003~396|10001~246|10005~234
144,8,0,,30209~81|30510~81|30014~81|30015~81|30508~81|30133~81|0~81,,10001~20625|10003~12380,10003~398|10001~247|10005~235
145,8,0,,30131~81|30209~81|30015~81|30178~81|30054~81|30301~81|0~81,21041~20,10001~20725|10003~12480|21041~20|10006~45,10003~400|10001~248|10005~236
146,8,0,,30208~82|30170~82|30508~82|30504~82|30512~82|30502~82|0~82,,10001~20825|10003~12580|23304~1,10003~401|10001~248|10005~236
147,8,0,,30513~82|30509~82|30504~82|30018~82|30507~82|30512~82|0~82,,10001~20925|10003~12680,10003~403|10001~249|10005~237
148,8,0,,30052~82|30208~82|30508~82|30507~82|30515~82|30504~82|0~82,,10001~21025|10003~12780|10005~25250|23404~1,10003~404|10001~250|10005~238
149,8,0,,30506~83|30052~83|30056~83|30056~83|30502~83|30515~83|0~83,,10001~21125|10003~12880,10003~406|10001~251|10005~239
150,8,1,30140,30058~83|30169~83|30177~83|30141~83|30063~83|30140~85|0~83,21051~5,10001~21225|10003~12980|21051~5|10006~45,10003~408|10001~252|10005~240
151,8,0,,30510~83|30052~83|30508~83|30503~83|30504~83|30504~83|0~83,,10001~21325|10003~13080|10005~29500|23104~1,10003~409|10001~253|10005~242
152,8,0,,30513~84|30208~84|30515~84|30518~84|30053~84|30502~84|0~84,,10001~21425|10003~13180,10003~411|10001~255|10005~244
153,8,0,,30510~84|30053~84|30511~84|30515~84|30056~84|30504~84|0~84,,10001~21525|10003~13280|23204~1,10003~412|10001~256|10005~247
154,8,0,,30053~84|30517~84|30056~84|30508~84|30170~84|30515~84|0~84,,10001~21625|10003~13380,10003~414|10001~258|10005~249
155,8,0,,30019~85|30059~85|30016~85|30025~85|30018~85|30063~85|0~85,21041~20,10001~21725|10003~13480|21041~20|10006~45,10003~416|10001~260|10005~252
156,8,0,,30517~85|30517~85|30515~85|30518~85|30504~85|30056~85|0~85,,10001~21825|10003~13580|23304~1,10003~417|10001~261|10005~254
157,8,0,,30014~85|30517~85|30056~85|30014~85|30209~85|30502~85|0~85,,10001~21925|10003~13680|10005~31000,10003~419|10001~263|10005~256
158,8,0,,30014~86|30014~86|30503~86|30518~86|30515~86|30508~86|0~86,,10001~22025|10003~13780|23404~1,10003~420|10001~264|10005~259
159,8,0,,30209~86|30130~86|30503~86|30504~86|30511~86|30018~86|0~86,,10001~22125|10003~13880,10003~422|10001~266|10005~261
160,8,1,30323,30235~86|30208~86|30023~86|30064~86|30064~86|30323~88|0~86,21051~5,10001~22225|10003~13980|21051~5|10005~31000|10006~45,10003~424|10001~268|10005~264
161,9,0,,30509~87|30517~87|30515~87|30502~87|30508~87|30508~87|0~87,,10001~22325|10003~14080|23104~1,10003~425|10001~269|10005~266
162,9,0,,30014~87|30506~87|30518~87|30511~87|30511~87|30014~87|0~87,,10001~22425|10003~14180,10003~427|10001~271|10005~268
163,9,0,,30208~87|30510~87|30512~87|30015~87|30503~87|30170~87|0~87,,10001~22525|10003~14280|23204~1,10003~428|10001~272|10005~271
164,9,0,,30505~88|30516~88|30133~88|30504~88|30134~88|30504~88|0~88,,10001~22625|10003~14380,10003~430|10001~274|10005~273
165,9,0,,30208~88|30209~88|30054~88|30178~88|30213~88|30061~88|0~88,21041~20,10001~22725|10003~14480|21041~20|10006~45,10003~432|10001~276|10005~276
166,9,0,,30014~88|30505~88|30213~88|30053~88|30515~88|30014~88|0~88,,10001~22825|10003~14580|10005~31550|23304~1,10003~433|10001~276|10005~276
167,9,0,,30516~89|30513~89|30507~89|30518~89|30515~89|30054~89|0~89,,10001~22925|10003~14680,10003~435|10001~277|10005~277
168,9,0,,30209~89|30510~89|30512~89|30014~89|30209~89|30213~89|0~89,,10001~23025|10003~14780|23404~1,10003~436|10001~278|10005~278
169,9,0,,30505~89|30169~89|30056~89|30507~89|30056~89|30511~89|0~89,,10001~23125|10003~14880|10005~31550,10003~438|10001~279|10005~279
170,9,1,30020,30019~90|30341~90|30023~90|30063~90|30024~90|30020~92|0~90,21051~5,10001~23225|10003~14980|21051~5|10006~45,10003~440|10001~280|10005~280
171,9,0,,30170~90|30052~90|30502~90|30512~90|30209~90|30056~90|0~90,,10001~23325|10003~15080|23104~1,10003~441|10001~280|10005~280
172,9,0,,30169~90|30505~90|30518~90|30504~90|30518~90|30518~90|0~90,,10001~23425|10003~15180,10003~443|10001~281|10005~281
173,9,0,,30169~91|30501~91|30056~91|30515~91|30133~91|30133~91|0~91,,10001~23525|10003~15280|23204~1,10003~444|10001~282|10005~282
174,9,0,,30208~91|30014~91|30134~91|30133~91|30503~91|30504~91|0~91,,10001~23625|10003~15380,10003~446|10001~283|10005~283
175,9,0,,30052~91|30014~91|30015~91|30219~91|30015~91|30023~91|0~91,21041~20,10001~23725|10003~15480|21041~20|10005~33000|10006~45,10003~448|10001~284|10005~284
176,9,0,,30513~92|30510~92|30213~92|30053~92|30511~92|30054~92|0~92,,10001~23825|10003~15580|23304~1,10003~449|10001~284|10005~284
177,9,0,,30209~92|30516~92|30512~92|30504~92|30511~92|30515~92|0~92,,10001~23925|10003~15680,10003~451|10001~285|10005~285
178,9,0,,30014~92|30506~92|30518~92|30512~92|30134~92|30015~92|0~92,,10001~24025|10003~15780|10005~33000|23404~1,10003~452|10001~286|10005~286
179,9,0,,30131~93|30053~93|30503~93|30170~93|30504~93|30213~93|0~93,,10001~24125|10003~15880,10003~454|10001~287|10005~287
180,9,1,30323,30214~93|30060~93|30062~93|30180~93|30025~93|30323~95|0~93,21051~5,10001~24225|10003~15980|21051~5|10006~45,10003~456|10001~288|10005~288
181,10,0,,30509~93|30513~93|30213~93|30056~93|30507~93|30511~93|0~93,,10001~24325|10003~16080|23104~1,10003~457|10001~288|10005~288
182,10,0,,30513~94|30130~94|30518~94|30015~94|30015~94|30015~94|0~94,,10001~24425|10003~16180,10003~459|10001~289|10005~289
183,10,0,,30170~94|30510~94|30504~94|30508~94|30511~94|30133~94|0~94,,10001~24525|10003~16280|23204~1,10003~460|10001~290|10005~290
184,10,0,,30505~94|30517~94|30507~94|30056~94|30054~94|30502~94|0~94,,10001~24625|10003~16380|10005~33400,10003~462|10001~291|10005~291
185,10,0,,30058~95|30014~95|30015~95|30220~95|30016~95|30342~95|0~95,21041~20,10001~24725|10003~16480|21041~20|10006~45,10003~464|10001~292|10005~292
186,10,0,,30170~95|30169~95|30133~95|30054~95|30503~95|30134~95|0~95,,10001~24825|10003~16580|23304~1,10003~465|10001~292|10005~292
187,10,0,,30052~95|30169~95|30507~95|30213~95|30016~95|30014~95|0~95,,10001~24925|10003~16680|10005~33400,10003~467|10001~293|10005~293
188,10,0,,30505~96|30517~96|30502~96|30209~96|30508~96|30016~96|0~96,,10001~25025|10003~16780|23404~1,10003~468|10001~294|10005~294
189,10,0,,30509~96|30505~96|30503~96|30170~96|30053~96|30512~96|0~96,,10001~25125|10003~16880,10003~470|10001~295|10005~295
190,10,1,30219,30019~96|30131~96|30177~96|30344~96|30062~96|30219~98|0~96,21051~5,10001~25225|10003~16980|21051~5|10006~45,10003~472|10001~296|10005~296
191,10,0,,30208~97|30516~97|30016~97|30133~97|30134~97|30018~97|0~97,,10001~25325|10003~17080|23104~1,10003~473|10001~296|10005~296
192,10,0,,30130~97|30169~97|30512~97|30518~97|30518~97|30016~97|0~97,,10001~25425|10003~17180,10003~475|10001~297|10005~297
193,10,0,,30130~97|30209~97|30213~97|30213~97|30507~97|30053~97|0~97,,10001~25525|10003~17280|10005~34800|23204~1,10003~476|10001~298|10005~298
194,10,0,,30131~98|30131~98|30511~98|30504~98|30015~98|30512~98|0~98,,10001~25625|10003~17380,10003~478|10001~299|10005~299
195,10,0,,30131~98|30020~98|30015~98|30140~98|30054~98|30063~98|0~98,21041~20,10001~25725|10003~17480|21041~20|10006~45,10003~480|10001~300|10005~300
196,10,0,,30208~98|30501~98|30508~98|30170~98|30503~98|30134~98|0~98,,10001~25825|10003~17580|10005~34800|23304~1,10003~480|10001~300|10005~300
197,10,0,,30506~99|30170~99|30014~99|30518~99|30134~99|30511~99|0~99,,10001~25925|10003~17680,10003~481|10001~300|10005~300
198,10,0,,30517~99|30506~99|30054~99|30515~99|30515~99|30056~99|0~99,,10001~26025|10003~17780|23404~1,10003~482|10001~301|10005~301
199,10,0,,30501~99|30501~99|30502~99|30508~99|30014~99|30515~99|0~99,,10001~26125|10003~17880,10003~483|10001~301|10005~301
200,10,1,30341,30058~100|30341~100|30180~100|30023~100|30141~100|30341~102|0~100,21051~5,10001~26225|10003~17980|21051~5|10006~45,10003~484|10001~301|10005~301
201,11,0,,30517~100|30209~100|30507~100|30515~100|30512~100|30054~100|0~100,,10001~26325|10003~18080|23104~1,10003~485|10001~302|10005~302
202,11,0,,30170~100|30516~100|30515~100|30054~100|30508~100|30503~100|0~100,,10001~26425|10003~18180|10005~35080,10003~486|10001~302|10005~302
203,11,0,,30208~101|30131~101|30209~101|30508~101|30134~101|30133~101|0~101,,10001~26525|10003~18280|23204~1,10003~487|10001~302|10005~302
204,11,0,,30053~101|30169~101|30504~101|30053~101|30053~101|30503~101|0~101,,10001~26625|10003~18380,10003~488|10001~303|10005~303
205,11,0,,30169~101|30021~101|30054~101|30219~101|30015~101|30061~101|0~101,21041~20,10001~26725|10003~18480|21041~20|10005~35080|10006~45,10003~489|10001~303|10005~303
206,11,0,,30501~102|30130~102|30515~102|30213~102|30134~102|30213~102|0~102,,10001~26825|10003~18580|23304~1,10003~490|10001~303|10005~303
207,11,0,,30517~102|30170~102|30518~102|30515~102|30502~102|30016~102|0~102,,10001~26925|10003~18680,10003~491|10001~304|10005~304
208,11,0,,30517~102|30209~102|30502~102|30170~102|30508~102|30508~102|0~102,,10001~27025|10003~18780|23404~1,10003~492|10001~304|10005~304
209,11,0,,30510~103|30510~103|30512~103|30054~103|30133~103|30518~103|0~103,,10001~27125|10003~18880,10003~493|10001~305|10005~305
210,11,1,30140,30175~103|30060~103|30024~103|30064~103|30142~103|30140~105|0~103,21051~5,10001~27225|10003~18980|21051~5|10006~45,10003~494|10001~305|10005~305
211,11,0,,30506~103|30506~103|30016~103|30504~103|30170~103|30507~103|0~103,,10001~27325|10003~19080|10005~35360|23104~1,10003~495|10001~305|10005~305
212,11,0,,30053~103|30053~103|30016~103|30056~103|30503~103|30512~103|0~103,,10001~27425|10003~19180,10003~496|10001~306|10005~306
213,11,0,,30209~104|30170~104|30213~104|30054~104|30056~104|30508~104|0~104,,10001~27525|10003~19280|23204~1,10003~497|10001~306|10005~306
214,11,0,,30014~104|30170~104|30170~104|30134~104|30507~104|30515~104|0~104,,10001~27625|10003~19380|10005~35360,10003~498|10001~306|10005~306
215,11,0,,30235~104|30209~104|30015~104|30217~104|30133~104|30140~104|0~104,21041~20,10001~27725|10003~19480|21041~20|10006~45,10003~499|10001~307|10005~307
216,11,0,,30509~104|30130~104|30015~104|30508~104|30503~104|30016~104|0~104,,10001~27825|10003~19580|23304~1,10003~500|10001~307|10005~307
217,11,0,,30170~104|30014~104|30133~104|30518~104|30518~104|30015~104|0~104,,10001~27925|10003~19680,10003~501|10001~307|10005~307
218,11,0,,30052~105|30130~105|30503~105|30504~105|30502~105|30504~105|0~105,,10001~28025|10003~19780|23404~1,10003~502|10001~308|10005~308
219,11,0,,30208~105|30510~105|30507~105|30054~105|30508~105|30016~105|0~105,,10001~28125|10003~19880,10003~503|10001~308|10005~308
220,11,1,30470,30214~105|30324~105|30061~105|30063~105|30217~105|30470~107|0~105,21051~5,10001~28225|10003~19980|21051~5|10005~35640|10006~45,10003~503|10001~309|10005~309
221,12,0,,30053~105|30052~105|30511~105|30511~105|30053~105|30018~105|0~105,,10001~28325|10003~20080|23104~1,10003~504|10001~309|10005~309
222,12,0,,30516~105|30506~105|30518~105|30511~105|30209~105|30508~105|0~105,,10001~28425|10003~20180,10003~505|10001~309|10005~309
223,12,0,,30130~106|30517~106|30504~106|30015~106|30209~106|30209~106|0~106,,10001~28525|10003~20280|10005~35640|23204~1,10003~506|10001~310|10005~310
224,12,0,,30014~106|30169~106|30170~106|30133~106|30504~106|30014~106|0~106,,10001~28625|10003~20380,10003~507|10001~310|10005~310
225,12,0,,30130~106|30170~106|30213~106|30142~106|30018~106|30178~106|0~106,21041~20,10001~28725|10003~20480|21041~20|10006~45,10003~508|10001~310|10005~310
226,12,0,,30509~106|30517~106|30508~106|30515~106|30054~106|30504~106|0~106,,10001~28825|10003~20580|23304~1,10003~509|10001~311|10005~311
227,12,0,,30209~107|30052~107|30504~107|30016~107|30054~107|30504~107|0~107,,10001~28925|10003~20680,10003~510|10001~311|10005~311
228,12,0,,30513~107|30052~107|30504~107|30209~107|30018~107|30015~107|0~107,,10001~29025|10003~20780|23404~1,10003~511|10001~311|10005~311
229,12,0,,30516~107|30014~107|30504~107|30213~107|30511~107|30507~107|0~107,,10001~29125|10003~20880|10005~35920,10003~512|10001~312|10005~312
230,12,1,30448,30019~107|30208~107|30220~107|30301~107|30025~107|30448~109|0~107,21051~5,10001~29225|10003~20980|21051~5|10006~45,10003~513|10001~312|10005~312
231,12,0,,30014~108|30505~108|30054~108|30213~108|30170~108|30015~108|0~108,,10001~29325|10003~21080|23104~1,10003~514|10001~312|10005~312
232,12,0,,30516~108|30505~108|30213~108|30015~108|30053~108|30015~108|0~108,,10001~29425|10003~21180|10005~35920,10003~515|10001~313|10005~313
233,12,0,,30053~108|30501~108|30508~108|30508~108|30209~108|30515~108|0~108,,10001~29525|10003~21280|23204~1,10003~516|10001~313|10005~313
234,12,0,,30501~108|30506~108|30213~108|30014~108|30053~108|30508~108|0~108,,10001~29625|10003~21380,10003~517|10001~314|10005~314
235,12,0,,30235~109|30059~109|30018~109|30141~109|30054~109|30141~109|0~109,21041~20,10001~29725|10003~21480|21041~20|10006~45,10003~518|10001~314|10005~314
236,12,0,,30505~109|30014~109|30016~109|30133~109|30056~109|30213~109|0~109,,10001~29825|10003~21580|23304~1,10003~519|10001~314|10005~314
237,12,0,,30209~109|30513~109|30015~109|30504~109|30515~109|30213~109|0~109,,10001~29925|10003~21680,10003~520|10001~315|10005~315
238,12,0,,30014~109|30513~109|30515~109|30170~109|30015~109|30518~109|0~109,,10001~30025|10003~21780|10005~36200|23404~1,10003~521|10001~315|10005~315
239,12,0,,30052~110|30169~110|30511~110|30016~110|30518~110|30518~110|0~110,,10001~30125|10003~21880,10003~522|10001~315|10005~315
240,12,1,30342,30058~110|30208~110|30025~110|30063~110|30064~110|30342~112|0~110,21051~5,10001~30225|10003~21980|21051~5|10006~45,10003~523|10001~316|10005~316
241,13,0,,30517~110|30516~110|30014~110|30018~110|30515~110|30512~110|0~110,,10001~30325|10003~22080|10005~36200|23104~1,10003~524|10001~316|10005~316
242,13,0,,30014~110|30501~110|30170~110|30134~110|30508~110|30515~110|0~110,,10001~30425|10003~22180,10003~525|10001~316|10005~316
243,13,0,,30509~110|30208~110|30504~110|30170~110|30015~110|30515~110|0~110,,10001~30525|10003~22280|23204~1,10003~526|10001~317|10005~317
244,13,0,,30130~110|30014~110|30209~110|30504~110|30504~110|30213~110|0~110,,10001~30625|10003~22380,10003~527|10001~317|10005~317
245,13,0,,30019~110|30020~110|30213~110|30025~110|30016~110|30220~110|0~110,21041~20,10001~30725|10003~22480|21041~20|10006~45,10003~527|10001~318|10005~318
246,13,0,,30505~110|30130~110|30502~110|30511~110|30518~110|30502~110|0~110,,10001~30825|10003~22580|23304~1,10003~528|10001~318|10005~318
247,13,0,,30130~110|30209~110|30018~110|30515~110|30209~110|30507~110|0~110,,10001~30925|10003~22680|10005~36480,10003~529|10001~318|10005~318
248,13,0,,30169~111|30517~111|30515~111|30053~111|30054~111|30056~111|0~111,,10001~31025|10003~22780|23404~1,10003~530|10001~319|10005~319
249,13,0,,30131~111|30208~111|30133~111|30056~111|30133~111|30015~111|0~111,,10001~31125|10003~22880,10003~531|10001~319|10005~319
250,13,1,30260,30175~111|30052~111|30063~111|30217~111|30344~111|30260~113|0~111,21051~5,10001~31225|10003~22980|21051~5|10005~36480|10006~45,10003~532|10001~319|10005~319
251,13,0,,30505~111|30169~111|30504~111|30512~111|30511~111|30133~111|0~111,,10001~31325|10003~23080|23104~1,10003~533|10001~320|10005~320
252,13,0,,30516~111|30169~111|30018~111|30503~111|30507~111|30134~111|0~111,,10001~31425|10003~23180,10003~534|10001~320|10005~320
253,13,0,,30209~111|30510~111|30134~111|30170~111|30133~111|30133~111|0~111,,10001~31525|10003~23280|23204~1,10003~535|10001~320|10005~320
254,13,0,,30506~111|30053~111|30054~111|30054~111|30508~111|30502~111|0~111,,10001~31625|10003~23380,10003~536|10001~321|10005~321
255,13,0,,30169~111|30021~111|30056~111|30023~111|30133~111|30180~111|0~111,21041~20,10001~31725|10003~23480|21041~20|10006~45,10003~537|10001~321|10005~321
256,13,0,,30516~111|30505~111|30056~111|30515~111|30213~111|30015~111|0~111,,10001~31825|10003~23580|10005~36760|23304~1,10003~538|10001~321|10005~321
257,13,0,,30209~112|30169~112|30518~112|30511~112|30054~112|30133~112|0~112,,10001~31925|10003~23680,10003~539|10001~322|10005~322
258,13,0,,30509~112|30516~112|30054~112|30503~112|30512~112|30015~112|0~112,,10001~32025|10003~23780|23404~1,10003~540|10001~322|10005~322
259,13,0,,30516~113|30170~113|30056~113|30054~113|30512~113|30054~113|0~113,,10001~32125|10003~23880|10005~36760,10003~541|10001~323|10005~323
260,13,1,30025,30058~113|30324~113|30342~113|30470~113|30342~113|30025~115|0~113,21051~5,10001~32225|10003~23980|21051~5|10006~45,10003~542|10001~323|10005~323
261,14,0,,30501~113|30014~113|30507~113|30518~113|30056~113|30133~113|0~113,,10001~32325|10003~24080|23104~1,10003~543|10001~323|10005~323
262,14,0,,30510~114|30131~114|30014~114|30502~114|30502~114|30018~114|0~114,,10001~32425|10003~24180,10003~544|10001~324|10005~324
263,14,0,,30517~114|30131~114|30507~114|30209~114|30503~114|30134~114|0~114,,10001~32525|10003~24280|23204~1,10003~545|10001~324|10005~324
264,14,0,,30130~115|30170~115|30213~115|30515~115|30213~115|30507~115|0~115,,10001~32625|10003~24380,10003~546|10001~324|10005~324
265,14,0,,30235~115|30059~115|30018~115|30023~115|30054~115|30220~115|0~115,21041~20,10001~32725|10003~24480|21041~20|10005~37040|10006~45,10003~547|10001~325|10005~325
266,14,0,,30052~115|30501~115|30018~115|30133~115|30503~115|30133~115|0~115,,10001~32825|10003~24580|23304~1,10003~548|10001~325|10005~325
267,14,0,,30053~115|30014~115|30134~115|30518~115|30518~115|30515~115|0~115,,10001~32925|10003~24680,10003~549|10001~325|10005~325
268,14,0,,30513~116|30209~116|30213~116|30054~116|30515~116|30018~116|0~116,,10001~33025|10003~24780|10005~37040|23404~1,10003~550|10001~326|10005~326
269,14,0,,30053~116|30209~116|30508~116|30504~116|30512~116|30518~116|0~116,,10001~33125|10003~24880,10003~551|10001~326|10005~326
270,14,1,30448,30136~116|30020~116|30024~116|30061~116|30025~116|30448~118|0~116,21051~5,10001~33225|10003~24980|21051~5|10006~45,10003~551|10001~327|10005~327
271,14,0,,30131~116|30517~116|30209~116|30502~116|30053~116|30515~116|0~116,,10001~33325|10003~25080|23104~1,10003~552|10001~327|10005~327
272,14,0,,30209~116|30052~116|30016~116|30508~116|30503~116|30015~116|0~116,,10001~33425|10003~25180,10003~553|10001~327|10005~327
273,14,0,,30513~117|30169~117|30053~117|30133~117|30515~117|30053~117|0~117,,10001~33525|10003~25280|23204~1,10003~554|10001~328|10005~328
274,14,0,,30505~117|30169~117|30018~117|30508~117|30170~117|30503~117|0~117,,10001~33625|10003~25380|10005~37320,10003~555|10001~328|10005~328
275,14,0,,30235~117|30209~117|30133~117|30141~117|30056~117|30140~117|0~117,21041~20,10001~33725|10003~25480|21041~20|10006~45,10003~556|10001~328|10005~328
276,14,0,,30501~117|30517~117|30018~117|30515~117|30209~117|30134~117|0~117,,10001~33825|10003~25580|23304~1,10003~557|10001~329|10005~329
277,14,0,,30510~117|30505~117|30170~117|30511~117|30133~117|30504~117|0~117,,10001~33925|10003~25680|10005~37320,10003~558|10001~329|10005~329
278,14,0,,30505~118|30509~118|30504~118|30511~118|30512~118|30515~118|0~118,,10001~34025|10003~25780|23404~1,10003~559|10001~329|10005~329
279,14,0,,30509~118|30014~118|30504~118|30016~118|30054~118|30518~118|0~118,,10001~34125|10003~25880,10003~560|10001~330|10005~330
280,14,1,30445,30136~118|30341~118|30178~118|30344~118|30470~118|30445~120|0~118,21051~5,10001~34225|10003~25980|21051~5|10006~45,10003~561|10001~330|10005~330
281,15,0,,30052~118|30130~118|30056~118|30053~118|30515~118|30504~118|0~118,,10001~34325|10003~26080|23104~1,10003~562|10001~330|10005~330
282,15,0,,30209~118|30516~118|30515~118|30053~118|30503~118|30015~118|0~118,,10001~34425|10003~26180,10003~563|10001~331|10005~331
283,15,0,,30170~118|30131~118|30209~118|30213~118|30133~118|30209~118|0~118,,10001~34525|10003~26280|10005~37600|23204~1,10003~564|10001~331|10005~331
284,15,0,,30208~119|30209~119|30056~119|30511~119|30053~119|30512~119|0~119,,10001~34625|10003~26380,10003~565|10001~332|10005~332
285,15,0,,30058~119|30020~119|30171~119|30219~119|30054~119|30219~119|0~119,21041~20,10001~34725|10003~26480|21041~20|10006~45,10003~566|10001~332|10005~332
286,15,0,,30513~119|30513~119|30515~119|30504~119|30134~119|30507~119|0~119,,10001~34825|10003~26580|10005~37600|23304~1,10003~567|10001~332|10005~332
287,15,0,,30209~119|30505~119|30518~119|30507~119|30507~119|30508~119|0~119,,10001~34925|10003~26680,10003~568|10001~333|10005~333
288,15,0,,30014~119|30170~119|30213~119|30507~119|30053~119|30518~119|0~119,,10001~35025|10003~26780|23404~1,10003~569|10001~333|10005~333
289,15,0,,30513~119|30208~119|30503~119|30508~119|30503~119|30054~119|0~119,,10001~35125|10003~26880,10003~570|10001~333|10005~333
290,15,1,30024,30136~119|30208~119|30141~119|30063~119|30321~119|30024~121|0~119,21051~5,10001~35225|10003~26980|21051~5|10006~45,10003~571|10001~334|10005~334
291,15,0,,30501~119|30052~119|30015~119|30209~119|30511~119|30134~119|0~119,,10001~35325|10003~27080|23104~1,10003~572|10001~334|10005~334
292,15,0,,30053~120|30501~120|30511~120|30213~120|30134~120|30209~120|0~120,,10001~35425|10003~27180|10005~37880,10003~573|10001~334|10005~334
293,15,0,,30131~120|30506~120|30504~120|30518~120|30134~120|30508~120|0~120,,10001~35525|10003~27280|23204~1,10003~574|10001~335|10005~335
294,15,0,,30209~120|30509~120|30508~120|30014~120|30018~120|30134~120|0~120,,10001~35625|10003~27380,10003~575|10001~335|10005~335
295,15,0,,30136~120|30059~120|30054~120|30219~120|30015~120|30024~120|0~120,21041~20,10001~35725|10003~27430|21041~20|10005~37880|10006~45,10003~576|10001~336|10005~336
296,15,0,,30506~120|30513~120|30502~120|30209~120|30503~120|30213~120|0~120,,10001~35825|10003~27480|23304~1,10003~577|10001~337|10005~336
297,15,0,,30510~120|30209~120|30503~120|30018~120|30511~120|30016~120|0~120,,10001~35925|10003~27530,10003~579|10001~338|10005~336
298,15,0,,30510~120|30516~120|30213~120|30133~120|30504~120|30015~120|0~120,,10001~36025|10003~27580|23404~1,10003~580|10001~339|10005~336
299,15,0,,30209~120|30509~120|30053~120|30504~120|30507~120|30504~120|0~120,,10001~36125|10003~27630,10003~582|10001~340|10005~336
300,15,1,30219,30214~120|30445~120|30323~120|30141~120|30178~120|30219~122|0~120,21051~5,10001~36225|10003~27680|21051~5|10006~45,10003~584|10001~341|10005~336
301,16,0,,30131~120|30131~120|30503~120|30209~120|30054~120|30511~120|0~120,,10001~36325|10003~27730|10005~38160|23104~1,10003~585|10001~343|10005~336
302,16,0,,30131~120|30169~120|30015~120|30512~120|30170~120|30504~120|0~120,,10001~36425|10003~27780,10003~587|10001~344|10005~336
303,16,0,,30131~121|30505~121|30014~121|30518~121|30512~121|30507~121|0~121,,10001~36525|10003~27830|23204~1,10003~589|10001~345|10005~336
304,16,0,,30169~121|30516~121|30053~121|30170~121|30054~121|30018~121|0~121,,10001~36625|10003~27880|10005~38160,10003~590|10001~346|10005~336
305,16,0,,30208~121|30209~121|30134~121|30219~121|30213~121|30342~121|0~121,21041~20,10001~36725|10003~27930|21041~20|10006~45,10003~592|10001~347|10005~337
306,16,0,,30208~121|30513~121|30134~121|30014~121|30503~121|30054~121|0~121,,10001~36825|10003~27980|23304~1,10003~593|10001~348|10005~337
307,16,0,,30501~121|30053~121|30134~121|30213~121|30515~121|30515~121|0~121,,10001~36925|10003~28030,10003~595|10001~350|10005~337
308,16,0,,30506~121|30169~121|30209~121|30502~121|30518~121|30512~121|0~121,,10001~37025|10003~28080|23404~1,10003~597|10001~351|10005~337
309,16,0,,30169~121|30170~121|30134~121|30133~121|30518~121|30056~121|0~121,,10001~37125|10003~28130,10003~598|10001~352|10005~337
310,16,1,30178,30136~121|30324~121|30470~121|30064~121|30140~121|30178~123|0~121,21051~5,10001~37225|10003~28180|21051~5|10005~38440|10006~45,10003~600|10001~353|10005~337
311,16,0,,30014~121|30509~121|30133~121|30502~121|30515~121|30502~121|0~121,,10001~37325|10003~28230|23104~1,10003~602|10001~354|10005~337
312,16,0,,30516~121|30509~121|30056~121|30502~121|30170~121|30016~121|0~121,,10001~37425|10003~28280,10003~603|10001~355|10005~337
313,16,0,,30053~121|30513~121|30507~121|30209~121|30209~121|30511~121|0~121,,10001~37525|10003~28330|10005~38440|23204~1,10003~605|10001~357|10005~337
314,16,0,,30505~122|30209~122|30209~122|30054~122|30014~122|30015~122|0~122,,10001~37625|10003~28380,10003~607|10001~358|10005~337
315,16,0,,30137~122|30060~122|30015~122|30025~122|30134~122|30180~122|0~122,21041~20,10001~37725|10003~28430|21041~20|10006~45,10003~608|10001~359|10005~338
316,16,0,,30052~122|30517~122|30502~122|30133~122|30053~122|30018~122|0~122,,10001~37825|10003~28480|23304~1,10003~610|10001~360|10005~338
317,16,0,,30510~122|30052~122|30018~122|30018~122|30507~122|30018~122|0~122,,10001~37925|10003~28530,10003~611|10001~361|10005~338
318,16,0,,30130~122|30014~122|30515~122|30515~122|30503~122|30170~122|0~122,,10001~38025|10003~28580|23404~1,10003~613|10001~363|10005~338
319,16,0,,30052~122|30517~122|30056~122|30134~122|30507~122|30518~122|0~122,,10001~38125|10003~28630|10005~38720,10003~615|10001~364|10005~338
320,16,1,30142,30214~122|30445~122|30301~122|30178~122|30321~122|30142~124|0~122,21051~5,10001~38225|10003~28680|21051~5|10006~45,10003~616|10001~365|10005~338
321,17,0,,30208~122|30170~122|30511~122|30507~122|30503~122|30504~122|0~122,,10001~38325|10003~28730|23104~1,10003~618|10001~366|10005~338
322,17,0,,30208~123|30516~123|30507~123|30018~123|30015~123|30213~123|0~123,,10001~38425|10003~28780|10005~38720,10003~620|10001~367|10005~338
323,17,0,,30208~123|30510~123|30018~123|30170~123|30515~123|30016~123|0~123,,10001~38525|10003~28830|23204~1,10003~621|10001~368|10005~338
324,17,0,,30052~123|30052~123|30016~123|30515~123|30133~123|30170~123|0~123,,10001~38625|10003~28880,10003~623|10001~370|10005~338
325,17,0,,30019~123|30170~123|30016~123|30062~123|30056~123|30178~123|0~123,21041~20,10001~38725|10003~28930|21041~20|10006~45,10003~625|10001~371|10005~339
326,17,0,,30505~123|30170~123|30508~123|30133~123|30016~123|30213~123|0~123,,10001~38825|10003~28980|23304~1,10003~626|10001~372|10005~339
327,17,0,,30510~123|30014~123|30213~123|30170~123|30133~123|30515~123|0~123,,10001~38925|10003~29030,10003~628|10001~373|10005~339
328,17,0,,30170~123|30130~123|30504~123|30508~123|30213~123|30053~123|0~123,,10001~39025|10003~29080|10005~39000|23404~1,10003~629|10001~374|10005~339
329,17,0,,30516~124|30513~124|30133~124|30515~124|30511~124|30502~124|0~124,,10001~39125|10003~29130,10003~631|10001~375|10005~339
330,17,1,30177,30235~124|30060~124|30342~124|30178~124|30061~124|30177~126|0~124,21051~5,10001~39225|10003~29180|21051~5|10006~45,10003~633|10001~377|10005~339
331,17,0,,30053~124|30170~124|30016~124|30053~124|30054~124|30014~124|0~124,,10001~39325|10003~29230|10005~39000|23104~1,10003~634|10001~378|10005~339
332,17,0,,30501~124|30506~124|30508~124|30508~124|30503~124|30134~124|0~124,,10001~39425|10003~29280,10003~636|10001~379|10005~339
333,17,0,,30130~124|30501~124|30508~124|30016~124|30014~124|30511~124|0~124,,10001~39525|10003~29330|23204~1,10003~638|10001~380|10005~339
334,17,0,,30169~124|30209~124|30512~124|30511~124|30502~124|30507~124|0~124,,10001~39625|10003~29380,10003~639|10001~381|10005~339
335,17,0,,30169~124|30020~124|30018~124|30180~124|30133~124|30063~124|0~124,21041~20,10001~39725|10003~29430|21041~20|10006~45,10003~641|10001~382|10005~340
336,17,0,,30501~124|30014~124|30503~124|30508~124|30056~124|30507~124|0~124,,10001~39825|10003~29480|23304~1,10003~642|10001~384|10005~340
337,17,0,,30501~125|30506~125|30134~125|30133~125|30018~125|30512~125|0~125,,10001~39925|10003~29530|10005~39280,10003~644|10001~385|10005~340
338,17,0,,30516~125|30209~125|30053~125|30512~125|30504~125|30515~125|0~125,,10001~40025|10003~29580|23404~1,10003~646|10001~386|10005~340
339,17,0,,30505~125|30130~125|30134~125|30512~125|30518~125|30016~125|0~125,,10001~40125|10003~29630,10003~647|10001~387|10005~340
340,17,1,30321,30214~125|30130~125|30178~125|30342~125|30142~125|30321~127|0~125,21051~5,10001~40225|10003~29680|21051~5|10005~39280|10006~45,10003~649|10001~388|10005~340
341,18,0,,30208~125|30014~125|30503~125|30209~125|30511~125|30511~125|0~125,,10001~40325|10003~29730|23104~1,10003~651|10001~390|10005~340
342,18,0,,30169~125|30505~125|30170~125|30213~125|30504~125|30056~125|0~125,,10001~40425|10003~29780,10003~652|10001~391|10005~340
343,18,0,,30505~125|30509~125|30507~125|30515~125|30507~125|30054~125|0~125,,10001~40525|10003~29830|23204~1,10003~654|10001~392|10005~340
344,18,0,,30053~125|30053~125|30134~125|30507~125|30508~125|30515~125|0~125,,10001~40625|10003~29880,10003~656|10001~393|10005~341
345,18,0,,30131~125|30209~125|30133~125|30142~125|30133~125|30217~125|0~125,21041~20,10001~40725|10003~29930|21041~20|10006~45,10003~657|10001~394|10005~341
346,18,0,,30052~125|30053~125|30015~125|30056~125|30518~125|30056~125|0~125,,10001~40825|10003~29980|10005~39560|23304~1,10003~659|10001~395|10005~341
347,18,0,,30510~125|30513~125|30170~125|30507~125|30056~125|30507~125|0~125,,10001~40925|10003~30030,10003~660|10001~397|10005~341
348,18,0,,30053~126|30510~126|30016~126|30504~126|30511~126|30502~126|0~126,,10001~41025|10003~30080|23404~1,10003~662|10001~398|10005~341
349,18,0,,30130~126|30130~126|30515~126|30512~126|30503~126|30054~126|0~126,,10001~41125|10003~30130|10005~39560,10003~664|10001~399|10005~341
350,18,1,30341,30214~126|30208~126|30024~126|30142~126|30024~126|30341~128|0~126,21051~5,10001~41225|10003~30180|21051~5|10006~45,10003~665|10001~400|10005~341
351,18,0,,30052~126|30053~126|30502~126|30056~126|30508~126|30053~126|0~126,,10001~41325|10003~30230|23104~1,10003~667|10001~401|10005~341
352,18,0,,30014~126|30208~126|30502~126|30511~126|30504~126|30016~126|0~126,,10001~41425|10003~30280,10003~669|10001~402|10005~341
353,18,0,,30509~126|30170~126|30507~126|30054~126|30134~126|30518~126|0~126,,10001~41525|10003~30330|23204~1,10003~670|10001~404|10005~341
354,18,0,,30506~126|30516~126|30508~126|30507~126|30133~126|30213~126|0~126,,10001~41625|10003~30380,10003~672|10001~405|10005~342
355,18,0,,30208~126|30170~126|30015~126|30142~126|30134~126|30219~126|0~126,21041~20,10001~41725|10003~30430|21041~20|10005~39840|10006~45,10003~674|10001~406|10005~342
356,18,0,,30130~126|30169~126|30209~126|30209~126|30507~126|30503~126|0~126,,10001~41825|10003~30480|23304~1,10003~675|10001~407|10005~342
357,18,0,,30501~126|30517~126|30507~126|30507~126|30170~126|30515~126|0~126,,10001~41925|10003~30530,10003~677|10001~408|10005~342
358,18,0,,30517~126|30053~126|30018~126|30511~126|30503~126|30056~126|0~126,,10001~42025|10003~30580|10005~39840|23404~1,10003~678|10001~409|10005~342
359,18,0,,30517~127|30130~127|30016~127|30056~127|30170~127|30134~127|0~127,,10001~42125|10003~30630,10003~680|10001~411|10005~342
360,18,1,30178,30175~127|30020~127|30142~127|30180~127|30024~127|30178~129|0~127,21051~5,10001~42225|10003~30680|21051~5|10006~45,10003~682|10001~412|10005~342
361,19,0,,30169~127|30506~127|30503~127|30512~127|30502~127|30056~127|0~127,,10001~42325|10003~30730|23104~1,10003~683|10001~413|10005~342
362,19,0,,30014~127|30170~127|30502~127|30508~127|30504~127|30134~127|0~127,,10001~42425|10003~30780,10003~685|10001~414|10005~342
363,19,0,,30208~127|30208~127|30053~127|30503~127|30056~127|30502~127|0~127,,10001~42525|10003~30830|23204~1,10003~687|10001~415|10005~342
364,19,0,,30516~127|30053~127|30511~127|30515~127|30015~127|30502~127|0~127,,10001~42625|10003~30880|10005~40120,10003~688|10001~417|10005~343
365,19,0,,30052~127|30020~127|30054~127|30219~127|30171~127|30062~127|0~127,21041~20,10001~42725|10003~30930|21041~20|10006~45,10003~690|10001~418|10005~343
366,19,0,,30510~127|30208~127|30209~127|30133~127|30507~127|30508~127|0~127,,10001~42825|10003~30980|23304~1,10003~692|10001~419|10005~343
367,19,0,,30506~128|30209~128|30209~128|30511~128|30014~128|30504~128|0~128,,10001~42925|10003~31030|10005~40120,10003~693|10001~420|10005~343
368,19,0,,30130~128|30516~128|30507~128|30015~128|30508~128|30016~128|0~128,,10001~43025|10003~31080|23404~1,10003~695|10001~421|10005~343
369,19,0,,30517~128|30209~128|30018~128|30018~128|30016~128|30504~128|0~128,,10001~43125|10003~31130,10003~696|10001~422|10005~343
370,19,1,30063,30137~128|30021~128|30140~128|30217~128|30180~128|30063~130|0~128,21051~5,10001~43225|10003~31180|21051~5|10006~45,10003~698|10001~424|10005~343
371,19,0,,30510~128|30505~128|30015~128|30213~128|30504~128|30016~128|0~128,,10001~43325|10003~31230|23104~1,10003~700|10001~425|10005~343
372,19,0,,30170~128|30169~128|30014~128|30054~128|30511~128|30515~128|0~128,,10001~43425|10003~31280,10003~701|10001~426|10005~343
373,19,0,,30510~129|30513~129|30213~129|30507~129|30503~129|30133~129|0~129,,10001~43525|10003~31330|10005~40400|23204~1,10003~703|10001~427|10005~343
374,19,0,,30209~129|30131~129|30502~129|30053~129|30508~129|30213~129|0~129,,10001~43625|10003~31380,10003~705|10001~428|10005~344
375,19,0,,30208~129|30014~129|30134~129|30177~129|30134~129|30178~129|0~129,21041~20,10001~43725|10003~31430|21041~20|10006~45,10003~706|10001~429|10005~344
376,19,0,,30130~129|30517~129|30053~129|30018~129|30512~129|30511~129|0~129,,10001~43825|10003~31480|10005~40400|23304~1,10003~708|10001~431|10005~344
377,19,0,,30505~129|30209~129|30054~129|30502~129|30515~129|30507~129|0~129,,10001~43925|10003~31530,10003~709|10001~432|10005~344
378,19,0,,30052~130|30170~130|30015~130|30014~130|30508~130|30515~130|0~130,,10001~44025|10003~31580|23404~1,10003~711|10001~433|10005~344
379,19,0,,30169~130|30513~130|30504~130|30170~130|30056~130|30503~130|0~130,,10001~44125|10003~31630,10003~713|10001~434|10005~344
380,19,1,30445,30175~130|30052~130|30025~130|30142~130|30140~130|30445~132|0~130,21051~5,10001~44225|10003~31680|21051~5|10006~45,10003~714|10001~435|10005~344
381,20,0,,30208~130|30209~130|30515~130|30502~130|30053~130|30504~130|0~130,,10001~44325|10003~31730|23104~1,10003~716|10001~437|10005~344
382,20,0,,30516~130|30131~130|30014~130|30213~130|30134~130|30508~130|0~130,,10001~44425|10003~31780|10005~40680,10003~718|10001~438|10005~344
383,20,0,,30130~130|30505~130|30507~130|30511~130|30503~130|30014~130|0~130,,10001~44525|10003~31830|23204~1,10003~719|10001~439|10005~344
384,20,0,,30517~130|30208~130|30515~130|30018~130|30512~130|30015~130|0~130,,10001~44625|10003~31880,10003~721|10001~440|10005~345
385,20,0,,30235~130|30014~130|30213~130|30217~130|30134~130|30142~130|0~130,21041~20,10001~44725|10003~31930|21041~20|10005~40680|10006~45,10003~723|10001~441|10005~345
386,20,0,,30170~130|30130~130|30503~130|30512~130|30133~130|30018~130|0~130,,10001~44825|10003~31980|23304~1,10003~724|10001~442|10005~345
387,20,0,,30169~130|30513~130|30016~130|30504~130|30134~130|30502~130|0~130,,10001~44925|10003~32030,10003~726|10001~444|10005~345
388,20,0,,30170~130|30052~130|30507~130|30502~130|30511~130|30015~130|0~130,,10001~45025|10003~32080|23404~1,10003~727|10001~445|10005~345
389,20,0,,30053~130|30513~130|30133~130|30133~130|30511~130|30134~130|0~130,,10001~45125|10003~32130,10003~729|10001~446|10005~345
390,20,1,30025,30019~130|30208~130|30342~130|30062~130|30024~130|30025~132|0~130,21051~5,10001~45225|10003~32180|21051~5|10006~45,10003~731|10001~447|10005~345
391,20,0,,30014~130|30170~130|30518~130|30503~130|30014~130|30209~130|0~130,,10001~45325|10003~32230|10005~40960|23104~1,10003~732|10001~448|10005~345
392,20,0,,30169~130|30501~130|30507~130|30512~130|30056~130|30015~130|0~130,,10001~45425|10003~32280,10003~734|10001~449|10005~345
393,20,0,,30052~130|30130~130|30511~130|30053~130|30170~130|30014~130|0~130,,10001~45525|10003~32330|23204~1,10003~736|10001~451|10005~346
394,20,0,,30510~130|30130~130|30508~130|30504~130|30134~130|30134~130|0~130,,10001~45625|10003~32380|10005~40960,10003~737|10001~452|10005~346
395,20,0,,30137~130|30053~130|30171~130|30064~130|30016~130|30025~130|0~130,21041~20,10001~45725|10003~32430|21041~20|10006~45,10003~739|10001~453|10005~346
396,20,0,,30170~130|30509~130|30053~130|30515~130|30504~130|30511~130|0~130,,10001~45825|10003~32480|23304~1,10003~741|10001~454|10005~346
397,20,0,,30509~130|30208~130|30209~130|30502~130|30502~130|30056~130|0~130,,10001~45925|10003~32530,10003~742|10001~455|10005~346
398,20,0,,30131~130|30052~130|30170~130|30508~130|30502~130|30507~130|0~130,,10001~46025|10003~32580|23404~1,10003~744|10001~456|10005~346
399,20,0,,30170~130|30169~130|30507~130|30016~130|30170~130|30213~130|0~130,,10001~46125|10003~32630,10003~745|10001~458|10005~346
400,20,1,30445,30235~130|30341~130|30470~130|30140~130|30220~130|30445~132|0~130,21051~5,10001~46225|10003~32680|21051~5|10005~41240|10006~45,10003~747|10001~459|10005~346
401,21,0,,30517~130|30516~130|30170~130|30014~130|30515~130|30209~130|0~130,,10001~46325|10003~32730|23104~1,10003~749|10001~460|10005~346
402,21,0,,30505~130|30517~130|30512~130|30014~130|30209~130|30056~130|0~130,,10001~46425|10003~32780,10003~750|10001~461|10005~346
403,21,0,,30052~131|30506~131|30016~131|30056~131|30511~131|30507~131|0~131,,10001~46525|10003~32830|10005~41240|23204~1,10003~752|10001~462|10005~347
404,21,0,,30169~131|30052~131|30209~131|30209~131|30134~131|30507~131|0~131,,10001~46625|10003~32880,10003~754|10001~464|10005~347
405,21,0,,30131~131|30170~131|30056~131|30024~131|30018~131|30063~131|0~131,21041~20,10001~46725|10003~32930|21041~20|10006~45,10003~755|10001~465|10005~347
406,21,0,,30513~131|30501~131|30507~131|30503~131|30213~131|30508~131|0~131,,10001~46825|10003~32980|23304~1,10003~757|10001~466|10005~347
407,21,0,,30516~131|30505~131|30508~131|30209~131|30502~131|30515~131|0~131,,10001~46925|10003~33030,10003~759|10001~467|10005~347
408,21,0,,30130~131|30052~131|30518~131|30014~131|30170~131|30133~131|0~131,,10001~47025|10003~33080|23404~1,10003~760|10001~468|10005~347
409,21,0,,30209~131|30130~131|30503~131|30056~131|30511~131|30209~131|0~131,,10001~47125|10003~33130|10005~41520,10003~762|10001~469|10005~347
410,21,1,30324,30235~131|30131~131|30178~131|30301~131|30142~131|30324~133|0~131,21051~5,10001~47225|10003~33180|21051~5|10006~45,10003~763|10001~471|10005~347
411,21,0,,30053~131|30506~131|30133~131|30016~131|30018~131|30503~131|0~131,,10001~47325|10003~33230|23104~1,10003~765|10001~472|10005~347
412,21,0,,30513~131|30209~131|30016~131|30015~131|30133~131|30014~131|0~131,,10001~47425|10003~33280|10005~41520,10003~767|10001~473|10005~347
413,21,0,,30131~131|30513~131|30502~131|30054~131|30518~131|30056~131|0~131,,10001~47525|10003~33330|23204~1,10003~768|10001~474|10005~348
414,21,0,,30516~132|30131~132|30133~132|30014~132|30515~132|30518~132|0~132,,10001~47625|10003~33380,10003~770|10001~475|10005~348
415,21,0,,30208~132|30060~132|30016~132|30141~132|30018~132|30342~132|0~132,21041~20,10001~47725|10003~33430|21041~20|10006~45,10003~772|10001~476|10005~348
416,21,0,,30506~132|30130~132|30133~132|30016~132|30134~132|30512~132|0~132,,10001~47825|10003~33480|23304~1,10003~773|10001~478|10005~348
417,21,0,,30053~132|30169~132|30512~132|30134~132|30209~132|30134~132|0~132,,10001~47925|10003~33530,10003~775|10001~479|10005~348
418,21,0,,30169~132|30209~132|30015~132|30209~132|30512~132|30056~132|0~132,,10001~48025|10003~33580|10005~41800|23404~1,10003~776|10001~480|10005~348
419,21,0,,30209~132|30517~132|30134~132|30015~132|30511~132|30014~132|0~132,,10001~48125|10003~33630,10003~778|10001~481|10005~348
420,21,1,30468,30137~132|30021~132|30140~132|30140~132|30142~132|30468~134|0~132,21051~5,10001~48225|10003~33680|21051~5|10006~45,10003~780|10001~482|10005~348
421,22,0,,30053~132|30014~132|30515~132|30507~132|30508~132|30015~132|0~132,,10001~48325|10003~33730|10005~41800|23104~1,10003~781|10001~483|10005~348
422,22,0,,30510~133|30509~133|30504~133|30209~133|30512~133|30515~133|0~133,,10001~48425|10003~33780,10003~783|10001~485|10005~348
423,22,0,,30505~133|30131~133|30054~133|30213~133|30018~133|30213~133|0~133,,10001~48525|10003~33830|23204~1,10003~785|10001~486|10005~349
424,22,0,,30506~133|30169~133|30512~133|30054~133|30209~133|30134~133|0~133,,10001~48625|10003~33880,10003~786|10001~487|10005~349
425,22,0,,30052~133|30021~133|30171~133|30342~133|30018~133|30219~133|0~133,21041~20,10001~48725|10003~33930|21041~20|10006~45,10003~788|10001~488|10005~349
426,22,0,,30169~133|30516~133|30016~133|30507~133|30054~133|30512~133|0~133,,10001~48825|10003~33980|23304~1,10003~790|10001~489|10005~349
427,22,0,,30510~133|30510~133|30515~133|30053~133|30511~133|30056~133|0~133,,10001~48925|10003~34030|10005~42080,10003~791|10001~491|10005~349
428,22,0,,30169~133|30014~133|30014~133|30018~133|30054~133|30515~133|0~133,,10001~49025|10003~34080|23404~1,10003~793|10001~492|10005~349
429,22,0,,30516~134|30169~134|30056~134|30054~134|30015~134|30053~134|0~134,,10001~49125|10003~34130,10003~794|10001~493|10005~349
430,22,1,30470,30136~134|30060~134|30063~134|30219~134|30344~134|30470~136|0~134,21051~5,10001~49225|10003~34180|21051~5|10005~42080|10006~45,10003~796|10001~494|10005~349
431,22,0,,30053~134|30014~134|30507~134|30134~134|30054~134|30056~134|0~134,,10001~49325|10003~34230|23104~1,10003~798|10001~495|10005~349
432,22,0,,30506~134|30052~134|30134~134|30054~134|30518~134|30508~134|0~134,,10001~49425|10003~34280,10003~799|10001~496|10005~349
433,22,0,,30517~134|30131~134|30511~134|30170~134|30133~134|30133~134|0~134,,10001~49525|10003~34330|23204~1,10003~801|10001~498|10005~350
434,22,0,,30509~134|30505~134|30507~134|30504~134|30056~134|30508~134|0~134,,10001~49625|10003~34380,10003~803|10001~499|10005~350
435,22,0,,30136~134|30060~134|30018~134|30140~134|30015~134|30023~134|0~134,21041~20,10001~49725|10003~34430|21041~20|10006~45,10003~804|10001~500|10005~350
436,22,0,,30506~134|30517~134|30502~134|30134~134|30018~134|30133~134|0~134,,10001~49825|10003~34480|10005~42360|23304~1,10003~806|10001~501|10005~350
437,22,0,,30516~135|30513~135|30511~135|30133~135|30016~135|30504~135|0~135,,10001~49925|10003~34530,10003~808|10001~502|10005~350
438,22,0,,30501~135|30209~135|30504~135|30134~135|30507~135|30518~135|0~135,,10001~50025|10003~34580|23404~1,10003~809|10001~503|10005~350
439,22,0,,30053~135|30516~135|30056~135|30133~135|30508~135|30134~135|0~135,,10001~50125|10003~34630|10005~42360,10003~811|10001~505|10005~350
440,22,1,30138,30214~135|30052~135|30470~135|30063~135|30064~135|30138~137|0~135,21051~5,10001~50225|10003~34680|21051~5|10006~45,10003~812|10001~506|10005~350
441,23,0,,30014~135|30513~135|30504~135|30504~135|30015~135|30515~135|0~135,,10001~50325|10003~34730|23104~1,10003~814|10001~507|10005~350
442,23,0,,30509~135|30513~135|30503~135|30503~135|30015~135|30170~135|0~135,,10001~50425|10003~34780,10003~816|10001~508|10005~351
443,23,0,,30513~135|30053~135|30054~135|30518~135|30518~135|30213~135|0~135,,10001~50525|10003~34830|23204~1,10003~817|10001~509|10005~351
444,23,0,,30517~135|30170~135|30503~135|30511~135|30015~135|30014~135|0~135,,10001~50625|10003~34880,10003~819|10001~510|10005~351
445,23,0,,30136~135|30236~135|30016~135|30301~135|30016~135|30217~135|0~135,21041~20,10001~50725|10003~34930|21041~20|10005~42640|10006~45,10003~821|10001~512|10005~351
446,23,0,,30169~135|30517~135|30503~135|30016~135|30508~135|30511~135|0~135,,10001~50825|10003~34980|23304~1,10003~822|10001~513|10005~351
447,23,0,,30169~135|30517~135|30518~135|30014~135|30518~135|30518~135|0~135,,10001~50925|10003~35030,10003~824|10001~514|10005~351
448,23,0,,30131~136|30513~136|30512~136|30014~136|30016~136|30518~136|0~136,,10001~51025|10003~35080|10005~42640|23404~1,10003~826|10001~515|10005~351
449,23,0,,30131~136|30170~136|30507~136|30503~136|30508~136|30518~136|0~136,,10001~51125|10003~35130,10003~827|10001~516|10005~351
450,23,1,30341,30058~136|30130~136|30023~136|30217~136|30025~136|30341~138|0~136,21051~5,10001~51225|10003~35180|21051~5|10006~45,10003~829|10001~518|10005~351
451,23,0,,30170~136|30170~136|30508~136|30213~136|30170~136|30512~136|0~136,,10001~51325|10003~35230|23104~1,10003~830|10001~519|10005~351
452,23,0,,30501~136|30014~136|30056~136|30511~136|30016~136|30508~136|0~136,,10001~51425|10003~35280,10003~832|10001~520|10005~352
453,23,0,,30170~136|30517~136|30515~136|30508~136|30053~136|30512~136|0~136,,10001~51525|10003~35330|23204~1,10003~834|10001~521|10005~352
454,23,0,,30501~136|30509~136|30502~136|30056~136|30515~136|30515~136|0~136,,10001~51625|10003~35380|10005~42920,10003~835|10001~522|10005~352
455,23,0,,30058~136|30020~136|30133~136|30062~136|30018~136|30025~136|0~136,21041~20,10001~51725|10003~35430|21041~20|10006~45,10003~837|10001~523|10005~352
456,23,0,,30509~136|30170~136|30515~136|30508~136|30515~136|30170~136|0~136,,10001~51825|10003~35480|23304~1,10003~839|10001~525|10005~352
457,23,0,,30170~136|30513~136|30016~136|30018~136|30503~136|30213~136|0~136,,10001~51925|10003~35530|10005~42920,10003~840|10001~526|10005~352
458,23,0,,30052~136|30517~136|30515~136|30502~136|30515~136|30508~136|0~136,,10001~52025|10003~35580|23404~1,10003~842|10001~527|10005~352
459,23,0,,30208~137|30209~137|30503~137|30512~137|30507~137|30015~137|0~137,,10001~52125|10003~35630,10003~843|10001~528|10005~352
460,23,1,30022,30175~137|30052~137|30063~137|30061~137|30344~137|30022~139|0~137,21051~5,10001~52225|10003~35680|21051~5|10006~45,10003~845|10001~529|10005~352
461,24,0,,30053~137|30510~137|30014~137|30502~137|30056~137|30016~137|0~137,,10001~52325|10003~35730|23104~1,10003~847|10001~530|10005~352
462,24,0,,30517~137|30209~137|30133~137|30502~137|30056~137|30503~137|0~137,,10001~52425|10003~35780,10003~848|10001~532|10005~353
463,24,0,,30169~137|30130~137|30511~137|30504~137|30502~137|30213~137|0~137,,10001~52525|10003~35830|10005~43200|23204~1,10003~850|10001~533|10005~353
464,24,0,,30169~137|30509~137|30053~137|30056~137|30503~137|30511~137|0~137,,10001~52625|10003~35880,10003~852|10001~534|10005~353
465,24,0,,30052~137|30021~137|30016~137|30217~137|30056~137|30141~137|0~137,21041~20,10001~52725|10003~35930|21041~20|10006~45,10003~853|10001~535|10005~353
466,24,0,,30130~137|30131~137|30134~137|30518~137|30015~137|30518~137|0~137,,10001~52825|10003~35980|10005~43200|23304~1,10003~855|10001~536|10005~353
467,24,0,,30505~138|30130~138|30056~138|30133~138|30018~138|30018~138|0~138,,10001~52925|10003~36030,10003~857|10001~538|10005~353
468,24,0,,30506~138|30505~138|30508~138|30170~138|30134~138|30016~138|0~138,,10001~53025|10003~36080|23404~1,10003~858|10001~539|10005~353
469,24,0,,30505~138|30510~138|30512~138|30213~138|30056~138|30213~138|0~138,,10001~53125|10003~36130,10003~860|10001~540|10005~353
470,24,1,30445,30136~138|30130~138|30178~138|30025~138|30024~138|30445~140|0~138,21051~5,10001~53225|10003~36180|21051~5|10006~45,10003~861|10001~541|10005~353
471,24,0,,30014~138|30130~138|30213~138|30134~138|30502~138|30054~138|0~138,,10001~53325|10003~36230|23104~1,10003~863|10001~542|10005~353
472,24,0,,30014~138|30170~138|30508~138|30015~138|30209~138|30134~138|0~138,,10001~53425|10003~36280|10005~43480,10003~865|10001~543|10005~354
473,24,0,,30505~138|30510~138|30170~138|30170~138|30511~138|30170~138|0~138,,10001~53525|10003~36330|23204~1,10003~866|10001~545|10005~354
474,24,0,,30501~139|30510~139|30518~139|30502~139|30056~139|30014~139|0~139,,10001~53625|10003~36380,10003~868|10001~546|10005~354
475,24,0,,30130~139|30236~139|30054~139|30064~139|30016~139|30062~139|0~139,21041~20,10001~53725|10003~36430|21041~20|10005~43480|10006~45,10003~870|10001~547|10005~354
476,24,0,,30510~139|30209~139|30515~139|30053~139|30515~139|30507~139|0~139,,10001~53825|10003~36480|23304~1,10003~871|10001~548|10005~354
477,24,0,,30513~139|30208~139|30054~139|30014~139|30054~139|30512~139|0~139,,10001~53925|10003~36530,10003~873|10001~549|10005~354
478,24,0,,30510~139|30509~139|30504~139|30502~139|30016~139|30014~139|0~139,,10001~54025|10003~36580|23404~1,10003~875|10001~550|10005~354
479,24,0,,30131~139|30506~139|30515~139|30502~139|30518~139|30133~139|0~139,,10001~54125|10003~36630,10003~876|10001~552|10005~354
480,24,1,30256,30136~139|30169~139|30062~139|30061~139|30024~139|30256~141|0~139,21051~5,10001~54225|10003~36680|21051~5|10006~45,10003~878|10001~553|10005~354
481,25,0,,30509~139|30053~139|30133~139|30170~139|30504~139|30503~139|0~139,,10001~54325|10003~36730|10005~43760|23104~1,10003~879|10001~554|10005~354
482,25,0,,30513~140|30131~140|30134~140|30504~140|30053~140|30503~140|0~140,,10001~54425|10003~36780,10003~881|10001~555|10005~355
483,25,0,,30505~140|30169~140|30133~140|30133~140|30209~140|30502~140|0~140,,10001~54525|10003~36830|23204~1,10003~883|10001~556|10005~355
484,25,0,,30506~140|30517~140|30502~140|30016~140|30503~140|30504~140|0~140,,10001~54625|10003~36880|10005~43760,10003~884|10001~557|10005~355
485,25,0,,30052~140|30209~140|30171~140|30180~140|30213~140|30301~140|0~140,21041~20,10001~54725|10003~36930|21041~20|10006~45,10003~886|10001~559|10005~355
486,25,0,,30506~140|30170~140|30209~140|30515~140|30014~140|30016~140|0~140,,10001~54825|10003~36980|23304~1,10003~888|10001~560|10005~355
487,25,0,,30517~140|30501~140|30054~140|30209~140|30213~140|30133~140|0~140,,10001~54925|10003~37030,10003~889|10001~561|10005~355
488,25,0,,30053~140|30501~140|30507~140|30515~140|30502~140|30502~140|0~140,,10001~55025|10003~37080|23404~1,10003~891|10001~562|10005~355
489,25,0,,30130~140|30506~140|30134~140|30507~140|30515~140|30503~140|0~140,,10001~55125|10003~37130,10003~893|10001~563|10005~355
490,25,1,30219,30019~140|30021~140|30301~140|30342~140|30140~140|30219~142|0~140,21051~5,10001~55225|10003~37180|21051~5|10005~44040|10006~45,10003~894|10001~565|10005~355
491,25,0,,30209~140|30170~140|30018~140|30502~140|30515~140|30054~140|0~140,,10001~55325|10003~37230|23104~1,10003~896|10001~566|10005~356
492,25,0,,30516~140|30517~140|30016~140|30512~140|30170~140|30134~140|0~140,,10001~55425|10003~37280,10003~897|10001~567|10005~356
493,25,0,,30513~141|30513~141|30502~141|30053~141|30018~141|30503~141|0~141,,10001~55525|10003~37330|10005~44040|23204~1,10003~899|10001~568|10005~356
494,25,0,,30014~141|30014~141|30512~141|30170~141|30056~141|30053~141|0~141,,10001~55625|10003~37380,10003~901|10001~569|10005~356
495,25,0,,30208~141|30021~141|30018~141|30140~141|30016~141|30140~141|0~141,21041~20,10001~55725|10003~37430|21041~20|10006~45,10003~902|10001~570|10005~356
496,25,0,,30208~141|30052~141|30502~141|30507~141|30507~141|30054~141|0~141,,10001~55825|10003~37480|23304~1,10003~904|10001~572|10005~356
497,25,0,,30131~141|30131~141|30133~141|30502~141|30015~141|30515~141|0~141,,10001~55925|10003~37530,10003~906|10001~573|10005~356
498,25,0,,30208~141|30209~141|30518~141|30511~141|30507~141|30015~141|0~141,,10001~56025|10003~37580|23404~1,10003~907|10001~574|10005~356
499,25,0,,30510~141|30130~141|30054~141|30511~141|30518~141|30508~141|0~141,,10001~56125|10003~37630|10005~44320,10003~909|10001~575|10005~356
500,25,1,30344,30137~141|30021~141|30024~141|30141~141|30344~141|30344~143|0~141,21051~5,10001~56175|10003~37680|21051~5|10006~45,10003~910|10001~576|10005~356
